StudentID,Cohort,CohortTerm,Term,AcademicYear,CompleteDevMath,CompleteDevEnglish,Major1,Major2,Complete1,Complete2,CompleteCIP1,CompleteCIP2,TransferIntent,DegreeTypeSought,TermGPA,CumGPA
300895,2011-12,1,6,2015-16,0,0,51.0999,-1,0,0,-2,-2,-1,6,3,2.88
303428,2011-12,1,6,2015-16,-2,-2,52.0301,-1,8,0,52.0301,-2,-1,6,4,2.93
303599,2011-12,1,6,2015-16,-2,-2,52.0201,52.1401,0,0,-2,-2,-1,6,3.5,2.62
301078,2011-12,1,6,2015-16,-2,-2,51.3801,-1,0,0,-2,-2,-1,6,3.7,3.1
301309,2011-12,1,6,2015-16,0,0,26.0101,-1,0,0,-2,-2,-1,6,2.22,2.41
301106,2011-12,1,6,2015-16,0,0,42.0101,-1,0,0,-2,-2,-1,6,4,3.19
302354,2011-12,1,6,2015-16,0,0,42.0101,-1,0,0,-2,-2,-1,6,2,3.05
298985,2011-12,1,6,2015-16,0,0,43.0399,-1,8,0,43.0399,-2,-1,6,3,3.05
301530,2011-12,1,6,2015-16,-2,0,43.0399,-1,0,0,-2,-2,-1,6,4,2.98
301597,2011-12,1,6,2015-16,0,0,26.0101,-1,0,0,-2,-2,-1,6,2.3,3.12
300953,2011-12,1,6,2015-16,0,-2,26.0101,-1,0,0,-2,-2,-1,6,2.7,2.46
298215,2011-12,1,6,2015-16,0,-2,26.0101,-1,0,0,-2,-2,-1,6,0,2.86
297205,2011-12,1,6,2015-16,0,0,51,-1,0,0,-2,-2,-1,6,4,2.86
298860,2011-12,1,6,2015-16,0,0,52.0201,-1,0,0,-2,-2,-1,6,2,2.32
298889,2011-12,1,6,2015-16,0,-2,45.1101,-1,0,0,-2,-2,-1,6,3,2.4
300835,2011-12,1,6,2015-16,0,0,26.0101,-1,0,0,-2,-2,-1,6,3,2.9
300778,2011-12,1,6,2015-16,0,0,52.0301,-1,0,0,-2,-2,-1,6,3,3.03
299815,2011-12,1,6,2015-16,0,0,43.0199,-1,0,0,-2,-2,-1,6,3.7,2.8
302555,2011-12,1,6,2015-16,-2,-2,51.3801,-1,0,0,-2,-2,-1,6,3.3,2.9
304247,2011-12,1,6,2015-16,0,-2,52.0201,-1,8,0,52.0201,-2,-1,6,3.5,2.9
81733,2011-12,1,6,2015-16,-2,-2,43.0199,-1,8,0,43.0199,-2,-1,6,2.7,3.22
298387,2011-12,1,6,2015-16,-2,0,24.0102,-1,0,0,-2,-2,-1,6,3.3,2.17
66888,2011-12,1,6,2015-16,0,0,42.0101,-1,0,0,-2,-2,-1,6,2.7,2.69
26367,2011-12,1,6,2015-16,0,0,52.0201,-1,0,0,-2,-2,-1,6,3.7,2.82
301300,2011-12,1,6,2015-16,-2,0,26.0101,-1,0,0,-2,-2,-1,6,3,2.9
297640,2011-12,1,6,2015-16,0,0,50.0701,-1,0,0,-2,-2,-1,6,0,2.59
301170,2011-12,1,6,2015-16,0,0,52.0201,-1,0,0,-2,-2,-1,6,2.65,2.69
298939,2011-12,1,6,2015-16,0,0,42.0101,-1,0,0,-2,-2,-1,6,0,2.36
304688,2011-12,1,6,2015-16,-2,-2,26.0101,-1,0,0,-2,-2,-1,6,2,1.95
298617,2011-12,1,6,2015-16,0,0,52.1401,-1,0,0,-2,-2,-1,6,2.3,2.6
305248,2011-12,1,6,2015-16,0,0,42.0101,-1,7,0,42.0101,-2,-1,6,3.3,3.28
303011,2011-12,1,6,2015-16,0,0,52.0801,-1,0,0,-2,-2,-1,6,3,2.64
303569,2011-12,1,6,2015-16,0,0,26.0101,-1,0,0,-2,-2,-1,6,3.5,2.65
286044,2011-12,1,6,2015-16,-2,-2,52.0201,-1,0,0,-2,-2,-1,6,3.3,3.02
303073,2011-12,1,6,2015-16,-2,0,43.0199,-1,8,0,43.0199,-2,-1,6,3.5,3.18
302475,2011-12,1,6,2015-16,0,0,26.0101,-1,0,0,-2,-2,-1,6,3.7,3.37
303316,2011-12,1,6,2015-16,0,0,43.0199,-1,0,0,-2,-2,-1,6,3.3,2.07
300614,2011-12,1,6,2015-16,0,0,43.0199,-1,0,0,-2,-2,-1,6,0,1.97
297468,2011-12,1,6,2015-16,0,0,26.0101,-1,0,0,-2,-2,-1,6,2.7,2.13
55512,2011-12,1,6,2015-16,-2,-2,43.0199,-1,0,0,-2,-2,-1,6,3.3,2.46
298744,2011-12,1,6,2015-16,-2,-2,26.0101,13.1209,0,0,-2,-2,-1,6,4,2.93
299379,2011-12,1,6,2015-16,0,0,54.0101,-1,0,0,-2,-2,-1,6,2.7,2.34
299193,2011-12,1,6,2015-16,0,0,42.0101,-1,0,0,-2,-2,-1,6,4,2.83
302362,2011-12,1,6,2015-16,0,0,42.0101,-1,0,0,-2,-2,-1,6,3,2.62
297566,2011-12,1,6,2015-16,0,-2,23.0101,-1,7,0,23.0101,-2,-1,6,3.7,3.67
297213,2011-12,1,6,2015-16,0,-2,50.0701,-1,0,0,-2,-2,-1,6,4,3.96
304287,2011-12,1,6,2015-16,-2,-2,52.0201,-1,0,0,-2,-2,-1,6,3.3,2.83
305141,2011-12,1,6,2015-16,-2,0,27.0101,-1,0,0,-2,-2,-1,6,2.73,2.94
300322,2011-12,1,6,2015-16,0,0,43.0199,-1,8,0,43.0199,-2,-1,6,2.3,2.91
297686,2011-12,1,6,2015-16,-2,0,26.0101,-1,0,0,-2,-2,-1,6,3.82,3.53
305476,2011-12,1,6,2015-16,-2,-2,51.3801,-1,0,0,-2,-2,-1,6,3.1,3.19
298396,2011-12,1,6,2015-16,0,0,50.0701,-1,7,0,50.0701,-2,-1,6,0,2.78
289328,2011-12,1,6,2015-16,0,0,26.0101,-1,0,0,-2,-2,-1,6,2.85,2.73
298532,2011-12,1,6,2015-16,-2,0,52.0201,-1,8,0,52.0201,-2,-1,6,4,3.46
298960,2011-12,1,6,2015-16,0,0,52.0201,-1,0,0,-2,-2,-1,6,3.7,2.2
297134,2011-12,1,6,2015-16,0,0,52.1401,-1,8,0,52.1401,-2,-1,6,3.3,2.92
299317,2011-12,1,6,2015-16,0,0,43.0199,-1,8,0,43.0199,-2,-1,6,4,3.15
304091,2011-12,1,6,2015-16,0,0,26.0101,-1,0,0,-2,-2,-1,6,2.23,2.09
299260,2011-12,1,6,2015-16,0,0,43.0199,-1,8,0,43.0199,-2,-1,6,4,2.65
298596,2011-12,1,6,2015-16,0,0,42.0101,-1,0,0,-2,-2,-1,6,4,2.83
296470,2011-12,1,6,2015-16,0,0,45.1101,-1,0,0,-2,-2,-1,6,2.5,2
302685,2011-12,1,6,2015-16,0,0,43.0199,-1,0,0,-2,-2,-1,6,0.85,2.24
300692,2011-12,1,6,2015-16,0,0,26.0101,-1,0,0,-2,-2,-1,6,2.83,2.68
303300,2011-12,1,6,2015-16,-2,-2,52.0201,-1,0,0,-2,-2,-1,6,1.5,2.58
304615,2011-12,1,6,2015-16,-2,-2,51.3801,-1,0,0,-2,-2,-1,6,0,3.97
303963,2011-12,1,6,2015-16,-2,-2,52.0801,-1,0,0,-2,-2,-1,6,3,2.96
304722,2011-12,1,6,2015-16,-2,-2,40.0601,50.0701,7,0,40.0601,-2,-1,6,4,2.67
302566,2011-12,1,6,2015-16,0,0,52.0301,-1,0,0,-2,-2,-1,6,0,2.11
267412,2011-12,3,6,2015-16,0,0,52.0201,-1,0,0,-2,-2,-1,6,4,3.25
290804,2011-12,3,6,2015-16,-2,-2,43.0199,-1,8,0,43.0199,-2,-1,6,3.7,3.16
299873,2011-12,3,6,2015-16,0,0,5.0207,-1,0,0,-2,-2,-1,6,3.3,2.85
300178,2011-12,3,6,2015-16,0,0,51,-1,0,0,-2,-2,-1,6,3.5,2.68
303742,2011-12,3,6,2015-16,-2,-2,51.3801,-1,0,0,-2,-2,-1,6,3.7,3.72
303853,2011-12,3,6,2015-16,-2,-2,52.0301,-1,0,0,-2,-2,-1,6,4,3.88
305201,2011-12,3,6,2015-16,-2,-2,16.0905,-1,0,0,-2,-2,-1,6,3.3,3.6
305439,2011-12,3,6,2015-16,0,0,43.0199,-1,0,0,-2,-2,-1,6,0,2.12
305683,2011-12,3,6,2015-16,-2,-2,54.0101,13.1001,7,0,54.0101,-2,-1,6,4,3.36
306616,2011-12,3,6,2015-16,-2,-2,51,-1,0,0,-2,-2,-1,6,4,3.78
308971,2011-12,3,6,2015-16,-2,-2,16.0905,13.1209,0,0,-2,-2,-1,6,3.7,3.04
310039,2011-12,3,6,2015-16,-2,-2,45.1001,-1,0,0,-2,-2,-1,6,0,2.69
77779,2012-13,1,6,2015-16,0,0,26.0101,-1,0,0,-2,-2,-1,6,3,3.15
201122,2012-13,1,6,2015-16,0,0,13.1209,-1,0,0,-2,-2,-1,6,3.3,2.85
237146,2012-13,1,6,2015-16,-2,-2,43.0199,-1,8,0,43.0199,-2,-1,6,4,3.78
269509,2012-13,1,6,2015-16,-2,-2,26.0101,-1,7,0,26.0101,-2,-1,6,2,2.65
270478,2012-13,1,6,2015-16,-2,-2,52.0201,-1,0,0,-2,-2,-1,6,3.35,2.15
279321,2012-13,1,6,2015-16,-2,-2,52.0201,-1,8,0,52.0201,-2,-1,6,4,2.87
282186,2012-13,1,6,2015-16,-2,-2,51.3801,-1,0,0,-2,-2,-1,6,4,3.94
288843,2012-13,1,6,2015-16,-2,-2,-1,-1,0,0,-2,-2,-1,6,0.58,0
292981,2012-13,1,6,2015-16,0,0,52.0201,-1,0,0,-2,-2,-1,6,4,3.65
300736,2012-13,1,6,2015-16,0,0,9.0101,-1,0,0,-2,-2,-1,6,4,2.77
303058,2012-13,1,6,2015-16,0,-2,52.0801,43.0399,0,0,-2,-2,-1,6,2.7,3.62
304381,2012-13,1,6,2015-16,0,0,26.0101,-1,0,0,-2,-2,-1,6,1.5,3.27
305360,2012-13,1,6,2015-16,0,0,52.0301,-1,0,0,-2,-2,-1,6,0,3.03
305559,2012-13,1,6,2015-16,0,-2,23.0101,-1,0,0,-2,-2,-1,6,2,3.11
305777,2012-13,1,6,2015-16,0,0,54.0101,13.1209,0,0,-2,-2,-1,6,3.3,3.02
305861,2012-13,1,6,2015-16,-2,-2,43.0399,-1,0,0,-2,-2,-1,6,0,3.95
305896,2012-13,1,6,2015-16,-2,-2,51.3801,-1,0,0,-2,-2,-1,6,3.7,3.94
305985,2012-13,1,6,2015-16,0,0,45.1101,13.1209,0,0,-2,-2,-1,6,4,2.8
305989,2012-13,1,6,2015-16,-2,0,52.0301,-1,0,0,-2,-2,-1,6,4,3.45
305992,2012-13,1,6,2015-16,0,-2,40.0601,13.1209,0,0,-2,-2,-1,6,2.7,3.11
306321,2012-13,1,6,2015-16,0,0,54.0101,13.1001,0,0,-2,-2,-1,6,3,3.46
306424,2012-13,1,6,2015-16,0,0,42.0101,-1,7,0,42.0101,-2,-1,6,3.5,3.63
306518,2012-13,1,6,2015-16,0,0,40.0601,-1,0,0,-2,-2,-1,6,1,2.14
306552,2012-13,1,6,2015-16,0,0,50.0701,-1,0,0,-2,-2,-1,6,2.7,3.06
306588,2012-13,1,6,2015-16,0,0,52.0801,-1,0,0,-2,-2,-1,6,2.3,3.26
306608,2012-13,1,6,2015-16,0,-2,16.0905,-1,7,0,16.0905,-2,-1,6,3,3.01
306714,2012-13,1,6,2015-16,0,0,54.0101,-1,0,0,-2,-2,-1,6,3.3,2.98
306794,2012-13,1,6,2015-16,0,0,13.1209,16.0905,0,0,-2,-2,-1,6,3.7,3.24
306818,2012-13,1,6,2015-16,-2,0,52.1401,-1,0,0,-2,-2,-1,6,0,2.7
306828,2012-13,1,6,2015-16,0,0,54.0101,-1,0,0,-2,-2,-1,6,4,3.13
306872,2012-13,1,6,2015-16,0,0,43.0199,-1,0,0,-2,-2,-1,6,2,2.46
306972,2012-13,1,6,2015-16,0,0,26.0101,13.1202,0,0,-2,-2,-1,6,4,3.23
306990,2012-13,1,6,2015-16,0,0,11.0101,-1,8,0,11.0101,-2,-1,6,3.35,3.47
307089,2012-13,1,6,2015-16,0,0,45.1101,-1,0,0,-2,-2,-1,6,3.2,2.55
307222,2012-13,1,6,2015-16,-2,-2,51.3801,-1,0,0,-2,-2,-1,6,4,3
307237,2012-13,1,6,2015-16,-2,0,52.1401,-1,0,0,-2,-2,-1,6,2.3,2.71
307429,2012-13,1,6,2015-16,0,0,42.0101,-1,0,0,-2,-2,-1,6,4,2.93
307458,2012-13,1,6,2015-16,0,0,43.0399,-1,8,0,43.0399,-2,-1,6,3.85,2.95
307460,2012-13,1,6,2015-16,0,-2,23.0101,43.0199,0,0,-2,-2,-1,6,4,3.54
307678,2012-13,1,6,2015-16,0,0,43.0199,-1,8,0,43.0199,-2,-1,6,2.7,3.06
307779,2012-13,1,6,2015-16,0,0,43.0199,-1,0,0,-2,-2,-1,6,1.85,2.77
307809,2012-13,1,6,2015-16,-2,-2,40.0601,-1,0,0,-2,-2,-1,6,2,2.96
307895,2012-13,1,6,2015-16,0,0,52.0301,-1,0,0,-2,-2,-1,6,3.7,3.72
308108,2012-13,1,6,2015-16,0,0,45.1101,-1,0,0,-2,-2,-1,6,0,2.99
308123,2012-13,1,6,2015-16,0,0,42.0101,-1,0,0,-2,-2,-1,6,4,2.64
308133,2012-13,1,6,2015-16,0,0,43.0199,-1,0,0,-2,-2,-1,6,4,3.14
308164,2012-13,1,6,2015-16,0,0,52.0201,-1,0,0,-2,-2,-1,6,2.85,2.67
308362,2012-13,1,6,2015-16,0,0,51,-1,0,0,-2,-2,-1,6,2,3.06
308465,2012-13,1,6,2015-16,0,0,54.0101,-1,0,0,-2,-2,-1,6,1.5,2.83
308540,2012-13,1,6,2015-16,0,0,51.0999,-1,0,0,-2,-2,-1,6,2.3,2.92
308636,2012-13,1,6,2015-16,0,-2,43.0199,-1,0,0,-2,-2,-1,6,2.7,2.99
308677,2012-13,1,6,2015-16,-2,0,51,-1,0,0,-2,-2,-1,6,1.3,2.34
308781,2012-13,1,6,2015-16,0,0,52.0201,-1,0,0,-2,-2,-1,6,2,2.34
308858,2012-13,1,6,2015-16,-2,0,26.0101,-1,0,0,-2,-2,-1,6,3.7,3.09
308878,2012-13,1,6,2015-16,0,0,54.0101,13.1001,0,0,-2,-2,-1,6,3.7,3.54
308908,2012-13,1,6,2015-16,0,0,52.0201,-1,0,0,-2,-2,-1,6,3,3.02
309008,2012-13,1,6,2015-16,-2,0,27.0101,13.1209,0,0,-2,-2,-1,6,3.3,3.44
309043,2012-13,1,6,2015-16,0,0,42.0101,13.1209,0,0,-2,-2,-1,6,4,3.24
309075,2012-13,1,6,2015-16,-2,0,52.0301,-1,0,0,-2,-2,-1,6,3.7,3.46
309091,2012-13,1,6,2015-16,-2,-2,50.0701,-1,0,0,-2,-2,-1,6,0,3.34
309555,2012-13,1,6,2015-16,0,0,43.0199,-1,8,0,43.0199,-2,-1,6,4,3.36
309702,2012-13,1,6,2015-16,-2,0,9.0101,-1,0,0,-2,-2,-1,6,4,2.61
309751,2012-13,1,6,2015-16,0,0,52.0201,-1,8,0,52.0201,-2,-1,6,2.3,3
309798,2012-13,1,6,2015-16,0,0,23.0101,-1,0,0,-2,-2,-1,6,3,2.91
309812,2012-13,1,6,2015-16,0,0,9.0101,-1,0,0,-2,-2,-1,6,4,3.49
309856,2012-13,1,6,2015-16,0,0,50.0901,-1,0,0,-2,-2,-1,6,4,2.6
309876,2012-13,1,6,2015-16,-2,-2,50.0901,-1,0,0,-2,-2,-1,6,4,2.81
309896,2012-13,1,6,2015-16,0,0,26.0101,-1,0,0,-2,-2,-1,6,3,2.62
309952,2012-13,1,6,2015-16,-2,0,52.0301,-1,0,0,-2,-2,-1,6,2,2.25
310236,2012-13,1,6,2015-16,0,0,23.0101,-1,0,0,-2,-2,-1,6,3,2.82
310488,2012-13,1,6,2015-16,0,0,54.0101,-1,0,0,-2,-2,-1,6,0,2.67
310503,2012-13,1,6,2015-16,-2,-2,51.3801,-1,8,0,51.3801,-2,-1,6,3.7,3.42
310559,2012-13,1,6,2015-16,0,0,43.0199,-1,0,0,-2,-2,-1,6,3.65,3.47
310783,2012-13,1,6,2015-16,0,0,51,-1,8,0,51,-2,-1,6,0,3.76
310836,2012-13,1,6,2015-16,-2,-2,43.0203,-1,0,0,-2,-2,-1,6,0,3.12
310927,2012-13,1,6,2015-16,-2,-2,27.0101,-1,0,0,-2,-2,-1,6,3.3,3.65
311077,2012-13,1,6,2015-16,0,0,45.1101,-1,0,0,-2,-2,-1,6,4,2.66
311099,2012-13,1,6,2015-16,-2,-2,26.0101,-1,8,0,26.0101,-2,-1,6,4,3.69
311115,2012-13,1,6,2015-16,0,0,26.0101,-1,0,0,-2,-2,-1,6,3.5,2.64
311167,2012-13,1,6,2015-16,0,0,52.0201,-1,0,0,-2,-2,-1,6,4,2.53
311417,2012-13,1,6,2015-16,0,0,9.0101,-1,0,0,-2,-2,-1,6,4,3.41
311418,2012-13,1,6,2015-16,0,0,42.0101,-1,7,0,42.0101,-2,-1,6,4,3.34
311581,2012-13,1,6,2015-16,0,0,11.0101,-1,8,0,11.0101,-2,-1,6,3.7,3.5
311642,2012-13,1,6,2015-16,0,0,42.0101,-1,0,0,-2,-2,-1,6,3,3.11
311726,2012-13,1,6,2015-16,0,-2,51,-1,8,0,51,-2,-1,6,2,3.26
311987,2012-13,1,6,2015-16,-2,0,27.0101,13.1202,0,0,-2,-2,-1,6,3.3,3.08
312111,2012-13,1,6,2015-16,0,0,42.0101,-1,7,0,42.0101,-2,-1,6,2.15,2.72
312119,2012-13,1,6,2015-16,-2,-2,42.0101,-1,7,0,42.0101,-2,-1,6,4,2.81
312224,2012-13,1,6,2015-16,0,-2,40.0601,-1,0,0,-2,-2,-1,6,1,2.11
312236,2012-13,1,6,2015-16,0,0,43.0199,-1,0,0,-2,-2,-1,6,4,2.2
312309,2012-13,1,6,2015-16,0,0,45.1101,-1,0,0,-2,-2,-1,6,3.15,2.57
312405,2012-13,1,6,2015-16,0,0,52.0301,-1,0,0,-2,-2,-1,6,2.7,3.24
312416,2012-13,1,6,2015-16,0,0,51,-1,0,0,-2,-2,-1,6,4,3.69
312489,2012-13,1,6,2015-16,0,0,43.0199,-1,0,0,-2,-2,-1,6,3.7,2.9
312490,2012-13,1,6,2015-16,-2,0,9.0101,-1,7,0,9.0101,-2,-1,6,4,3.01
312696,2012-13,1,6,2015-16,0,0,26.0101,-1,0,0,-2,-2,-1,6,3.58,3.23
312884,2012-13,1,6,2015-16,-2,-2,51.3899,-1,0,0,-2,-2,-1,6,3.87,0
312916,2012-13,1,6,2015-16,0,0,26.0101,42.0101,0,0,-2,-2,-1,6,2.85,2.61
312956,2012-13,1,6,2015-16,0,0,42.0101,-1,0,0,-2,-2,-1,6,4,2.68
313127,2012-13,1,6,2015-16,-2,-2,51.3801,-1,0,0,-2,-2,-1,6,3.7,3.48
313158,2012-13,1,6,2015-16,-2,-2,52.0301,-1,0,0,-2,-2,-1,6,3.7,3.31
313345,2012-13,1,6,2015-16,0,0,26.0101,-1,0,0,-2,-2,-1,6,2.5,2.21
313353,2012-13,1,6,2015-16,-2,0,52.0301,-1,8,0,52.0301,-2,-1,6,2,3.07
313423,2012-13,1,6,2015-16,0,0,52.0301,-1,0,0,-2,-2,-1,6,2.3,0.33
313549,2012-13,1,6,2015-16,-2,-2,52.0301,-1,0,0,-2,-2,-1,6,3.15,3.52
313575,2012-13,1,6,2015-16,0,0,42.0101,5.0207,0,0,-2,-2,-1,6,2.5,2.62
313580,2012-13,1,6,2015-16,0,0,26.0101,-1,0,0,-2,-2,-1,6,2,2.01
313758,2012-13,1,6,2015-16,-2,-2,51.3801,-1,0,0,-2,-2,-1,6,0,3.67
313765,2012-13,1,6,2015-16,-2,-2,51.3801,-1,0,0,-2,-2,-1,6,0,2.56
313928,2012-13,1,6,2015-16,-2,-2,51.3801,-1,0,0,-2,-2,-1,6,4,3.7
314001,2012-13,1,6,2015-16,0,0,52.0801,-1,0,0,-2,-2,-1,6,3.85,2.58
314119,2012-13,1,6,2015-16,0,0,9.0101,-1,0,0,-2,-2,-1,6,2,2.41
314142,2012-13,1,6,2015-16,-2,-2,51.3801,-1,8,0,51.3801,-2,-1,6,4,3.83
314184,2012-13,1,6,2015-16,-2,-2,51.3899,-1,8,0,51.3899,-2,-1,6,3.28,3.28
314242,2012-13,1,6,2015-16,0,0,52.0201,-1,8,0,52.0201,-2,-1,6,3.15,3.09
314390,2012-13,1,6,2015-16,-2,-2,52.0201,-1,0,0,-2,-2,-1,6,3.7,3.63
314411,2012-13,1,6,2015-16,-2,-2,26.0101,-1,0,0,-2,-2,-1,6,4,2.9
314434,2012-13,1,6,2015-16,0,-2,43.0199,-1,0,0,-2,-2,-1,6,2,2.72
314814,2012-13,1,6,2015-16,0,0,42.0101,-1,0,0,-2,-2,-1,6,3.5,2.9
314826,2012-13,1,6,2015-16,-2,-2,52.0201,-1,0,0,-2,-2,-1,6,1.7,2.14
314833,2012-13,1,6,2015-16,-2,-2,52.1401,-1,0,0,-2,-2,-1,6,2,2.17
315076,2012-13,1,6,2015-16,-2,-2,26.0101,-1,0,0,-2,-2,-1,6,3.7,3.28
315083,2012-13,1,6,2015-16,0,0,52.0201,-1,0,0,-2,-2,-1,6,3,2.59
315144,2012-13,1,6,2015-16,-2,-2,38.0101,-1,7,0,38.0101,-2,-1,6,3,3.06
315157,2012-13,1,6,2015-16,-2,-2,26.0101,-1,0,0,-2,-2,-1,6,3.7,3.42
315482,2012-13,1,6,2015-16,0,-2,52.0301,-1,0,0,-2,-2,-1,6,2.3,2.81
280272,2012-13,3,6,2015-16,-2,-2,43.0199,-1,8,0,43.0199,-2,-1,6,4,2.35
285290,2012-13,3,6,2015-16,-2,-2,16.0905,-1,0,0,-2,-2,-1,6,4,3.41
295517,2012-13,3,6,2015-16,0,-2,52.0201,-1,0,0,-2,-2,-1,6,3,2.2
296586,2012-13,3,6,2015-16,-2,-2,52.0201,-1,8,0,52.0201,-2,-1,6,3,2.91
298508,2012-13,3,6,2015-16,-2,-2,26.0101,-1,0,0,-2,-2,-1,6,3,2.66
304338,2012-13,3,6,2015-16,0,0,40.0601,-1,0,0,-2,-2,-1,6,1.7,2.26
308211,2012-13,3,6,2015-16,-2,-2,52.0201,-1,8,0,52.0201,-2,-1,6,3.3,2.8
309879,2012-13,3,6,2015-16,0,0,42.0101,-1,0,0,-2,-2,-1,6,4,3.71
311639,2012-13,3,6,2015-16,-2,-2,51.3801,-1,8,0,51.3801,-2,-1,6,3.7,3.22
313703,2012-13,3,6,2015-16,-2,-2,42.0101,13.1209,7,0,42.0101,-2,-1,6,4,3.22
313921,2012-13,3,6,2015-16,-2,-2,40.0601,-1,8,0,40.0601,-2,-1,6,4,3.15
315078,2012-13,3,6,2015-16,-2,-2,52.0201,-1,0,0,-2,-2,-1,6,3.7,3.53
315569,2012-13,3,6,2015-16,-2,-2,51.3801,-1,8,0,51.3801,-2,-1,6,3.48,3.45
315832,2012-13,3,6,2015-16,-1,-1,52.0201,-1,0,0,-2,-2,-1,6,0,2.22
315877,2012-13,3,6,2015-16,-2,-2,9.0101,-1,0,0,-2,-2,-1,6,2.85,3.04
316485,2012-13,3,6,2015-16,-2,-2,43.0399,-1,0,0,-2,-2,-1,6,0,2.11
316522,2012-13,3,6,2015-16,-2,-2,9.0101,-1,7,0,9.0101,-2,-1,6,4,2.35
316704,2012-13,3,6,2015-16,-2,-2,42.0101,13.1209,7,0,42.0101,-2,-1,6,1.7,3.2
316784,2012-13,3,6,2015-16,-2,-2,11.0101,-1,0,0,-2,-2,-1,6,0,3.96
316908,2012-13,3,6,2015-16,-2,-2,52.0201,-1,8,0,52.0201,-2,-1,6,3,3.07
317425,2012-13,3,6,2015-16,0,-2,26.0101,-1,0,0,-2,-2,-1,6,3,2.41
318539,2012-13,3,6,2015-16,-2,-2,52.0201,45.1101,0,0,-2,-2,-1,6,4,2.81
318634,2012-13,3,6,2015-16,-2,-2,45.1101,-1,0,0,-2,-2,-1,6,3,2.94
319051,2012-13,3,6,2015-16,-2,-2,51.3801,-1,0,0,-2,-2,-1,6,0,2.51
319206,2012-13,3,6,2015-16,-2,-2,42.0101,-1,0,0,-2,-2,-1,6,3.7,1.74
319635,2012-13,3,6,2015-16,-2,-2,26.0101,-1,7,0,26.0101,-2,-1,6,2.7,2.38
318021,2013-14,1,6,2015-16,0,-2,26.0101,-1,0,0,-2,-2,-1,6,4,3.91
316788,2013-14,1,6,2015-16,0,0,42.0101,-1,0,0,-2,-2,-1,6,4,3.41
319977,2013-14,1,6,2015-16,0,0,52.1401,-1,0,0,-2,-2,-1,6,2.5,2.36
319758,2013-14,1,6,2015-16,0,0,43.0199,-1,0,0,-2,-2,-1,6,2.7,2.59
288890,2013-14,1,6,2015-16,-2,-2,42.0101,-1,0,0,-2,-2,-1,6,4,2.9
317109,2013-14,1,6,2015-16,0,0,43.0199,-1,0,0,-2,-2,-1,6,4,3.27
324102,2013-14,1,6,2015-16,-2,0,52.0201,-1,0,0,-2,-2,-1,6,2,2.56
321716,2013-14,1,6,2015-16,-2,-2,54.0101,-1,0,0,-2,-2,-1,6,0,2.91
319719,2013-14,1,6,2015-16,0,0,26.0101,-1,0,0,-2,-2,-1,6,2.54,3.75
319004,2013-14,1,6,2015-16,-2,-2,42.0101,-1,0,0,-2,-2,-1,6,2.7,3.04
320008,2013-14,1,6,2015-16,-2,-2,45.1101,-1,7,0,45.1101,-2,-1,6,4,3.63
286460,2013-14,1,6,2015-16,0,0,45.1001,-1,0,0,-2,-2,-1,6,3.7,2.42
317383,2013-14,1,6,2015-16,0,-2,9.0101,-1,0,0,-2,-2,-1,6,3.58,3.9
317621,2013-14,1,6,2015-16,0,0,52.0801,-1,0,0,-2,-2,-1,6,2,2.66
317050,2013-14,1,6,2015-16,0,0,52.0201,-1,0,0,-2,-2,-1,6,3,3.25
320910,2013-14,1,6,2015-16,0,-2,43.0399,-1,0,0,-2,-2,-1,6,4,3.41
44496,2013-14,1,6,2015-16,0,0,27.0101,13.1001,0,0,-2,-2,-1,6,1,2.83
317789,2013-14,1,6,2015-16,-2,-2,42.0101,-1,0,0,-2,-2,-1,6,4,3.44
324384,2013-14,1,6,2015-16,-2,-2,43.0199,-1,0,0,-2,-2,-1,6,3,3
317638,2013-14,1,6,2015-16,0,0,26.0101,-1,0,0,-2,-2,-1,6,3,3.55
322725,2013-14,1,6,2015-16,0,-2,50.0701,-1,0,0,-2,-2,-1,6,4,3.66
318248,2013-14,1,6,2015-16,0,0,42.0101,-1,0,0,-2,-2,-1,6,4,3.57
318457,2013-14,1,6,2015-16,0,0,43.0199,42.0101,0,0,-2,-2,-1,6,2,3.57
324971,2013-14,1,6,2015-16,-2,-2,51.3801,-1,8,0,51.3801,-2,-1,6,2.7,3.61
319800,2013-14,1,6,2015-16,0,0,51,-1,0,0,-2,-2,-1,6,3.7,2.35
318888,2013-14,1,6,2015-16,0,0,11.0101,-1,0,0,-2,-2,-1,6,2.7,2.86
319753,2013-14,1,6,2015-16,0,0,51.3801,-1,0,0,-2,-2,-1,6,2,2.72
319913,2013-14,1,6,2015-16,0,-2,51.0999,-1,0,0,-2,-2,-1,6,2,1.79
314006,2013-14,1,6,2015-16,-2,-2,52.1401,-1,8,0,52.1401,-2,-1,6,4,2.7
316748,2013-14,1,6,2015-16,0,0,-1,-1,0,0,-2,-2,-1,6,4,3
317811,2013-14,1,6,2015-16,0,0,43.0399,-1,0,0,-2,-2,-1,6,4,3.13
322265,2013-14,1,6,2015-16,0,0,42.0101,-1,0,0,-2,-2,-1,6,4,3.48
318611,2013-14,1,6,2015-16,0,0,54.0101,-1,0,0,-2,-2,-1,6,3,1.58
318701,2013-14,1,6,2015-16,0,0,51,-1,0,0,-2,-2,-1,6,2.7,3.67
317236,2013-14,1,6,2015-16,0,0,52.0201,-1,0,0,-2,-2,-1,6,3,3.4
31216,2013-14,1,6,2015-16,0,-2,52.0801,-1,0,0,-2,-2,-1,6,4,3.57
319257,2013-14,1,6,2015-16,-2,-2,45.1101,-1,0,0,-2,-2,-1,6,0,2.56
320001,2013-14,1,6,2015-16,0,0,43.0199,-1,0,0,-2,-2,-1,6,3.7,3.4
317819,2013-14,1,6,2015-16,0,0,43.0199,-1,0,0,-2,-2,-1,6,4,2.95
319386,2013-14,1,6,2015-16,-2,-2,45.1001,-1,0,0,-2,-2,-1,6,0.5,2.39
316070,2013-14,1,6,2015-16,0,0,9.0101,-1,0,0,-2,-2,-1,6,3.3,3.34
314773,2013-14,1,6,2015-16,0,0,43.0203,-1,0,0,-2,-2,-1,6,4,3.49
319731,2013-14,1,6,2015-16,0,0,42.0101,-1,0,0,-2,-2,-1,6,3,3.07
317381,2013-14,1,6,2015-16,-2,0,26.0101,-1,0,0,-2,-2,-1,6,3.7,3.09
320775,2013-14,1,6,2015-16,0,-2,40.0601,-1,0,0,-2,-2,-1,6,3.3,3.09
322804,2013-14,1,6,2015-16,-2,0,50.0901,-1,0,0,-2,-2,-1,6,2,3.08
317044,2013-14,1,6,2015-16,0,0,43.0199,-1,0,0,-2,-2,-1,6,3.3,2.75
317382,2013-14,1,6,2015-16,0,0,43.0203,-1,0,0,-2,-2,-1,6,3.7,2.91
318140,2013-14,1,6,2015-16,0,0,43.0199,-1,0,0,-2,-2,-1,6,2.7,2.05
318894,2013-14,1,6,2015-16,0,0,26.0101,-1,0,0,-2,-2,-1,6,2,2.06
320193,2013-14,1,6,2015-16,0,0,26.0101,-1,0,0,-2,-2,-1,6,2,2.33
321966,2013-14,1,6,2015-16,-2,-2,52.0201,-1,0,0,-2,-2,-1,6,4,1.3
320399,2013-14,1,6,2015-16,0,0,52.1401,-1,0,0,-2,-2,-1,6,2.85,2.88
318949,2013-14,1,6,2015-16,-2,-2,52.0301,-1,0,0,-2,-2,-1,6,4,3.3
317776,2013-14,1,6,2015-16,0,0,43.0199,-1,0,0,-2,-2,-1,6,3.7,2.69
319919,2013-14,1,6,2015-16,-2,0,52.0201,-1,0,0,-2,-2,-1,6,4,3.78
317422,2013-14,1,6,2015-16,0,0,45.0601,-1,0,0,-2,-2,-1,6,2.7,3.56
317344,2013-14,1,6,2015-16,-2,0,26.0101,-1,0,0,-2,-2,-1,6,4,3.67
323529,2013-14,1,6,2015-16,-2,-2,45.1101,-1,0,0,-2,-2,-1,6,3.15,3.02
311649,2013-14,1,6,2015-16,0,0,45.1101,-1,0,0,-2,-2,-1,6,2.7,2.41
308555,2013-14,1,6,2015-16,0,0,45.1101,-1,0,0,-2,-2,-1,6,0,2.63
316526,2013-14,1,6,2015-16,0,0,43.0199,-1,0,0,-2,-2,-1,6,4,3.49
289863,2013-14,1,6,2015-16,-2,-2,52.0201,-1,8,0,52.0201,-2,-1,6,3.7,2.91
322163,2013-14,1,6,2015-16,-2,-2,51,-1,0,0,-2,-2,-1,6,3,1.83
306974,2013-14,1,6,2015-16,-2,-2,43.0203,-1,0,0,-2,-2,-1,6,3,2.9
317877,2013-14,1,6,2015-16,-2,0,27.0101,13.1001,0,0,-2,-2,-1,6,3.3,3.51
322706,2013-14,1,6,2015-16,-2,-2,52.0301,-1,0,0,-2,-2,-1,6,2.7,2.42
320429,2013-14,1,6,2015-16,0,0,50.0903,50.0901,0,0,-2,-2,-1,6,4,3.26
320494,2013-14,1,6,2015-16,-2,0,52.0201,-1,0,0,-2,-2,-1,6,4,3.9
319507,2013-14,1,6,2015-16,0,0,52.1401,-1,0,0,-2,-2,-1,6,2,2.48
320878,2013-14,1,6,2015-16,0,0,54.0101,-1,0,0,-2,-2,-1,6,4,3.23
318282,2013-14,1,6,2015-16,0,0,50.0901,-1,0,0,-2,-2,-1,6,1.7,2.26
317634,2013-14,1,6,2015-16,-2,-2,50.0901,-1,0,0,-2,-2,-1,6,4,3.72
320068,2013-14,1,6,2015-16,0,0,26.0101,-1,0,0,-2,-2,-1,6,2,2.76
324045,2013-14,1,6,2015-16,0,0,27.0101,-1,0,0,-2,-2,-1,6,1,3.21
316964,2013-14,1,6,2015-16,0,0,43.0203,-1,0,0,-2,-2,-1,6,4,3.47
316150,2013-14,1,6,2015-16,0,0,-1,42.0101,0,0,-2,-2,-1,6,3.85,3.06
317223,2013-14,1,6,2015-16,0,0,26.0101,-1,0,0,-2,-2,-1,6,3.15,2.98
314859,2013-14,1,6,2015-16,-2,-2,16.0905,-1,0,0,-2,-2,-1,6,3.65,3.47
316510,2013-14,1,6,2015-16,0,0,43.0199,-1,0,0,-2,-2,-1,6,2.3,2.57
318312,2013-14,1,6,2015-16,-2,-2,51.3801,-1,0,0,-2,-2,-1,6,4,3.94
316794,2013-14,1,6,2015-16,0,0,24.0102,-1,0,0,-2,-2,-1,6,3.3,3.04
316749,2013-14,1,6,2015-16,0,0,43.0199,-1,0,0,-2,-2,-1,6,3.7,3.39
309014,2013-14,1,6,2015-16,-2,-2,52.0301,-1,0,0,-2,-2,-1,6,4,3.58
314456,2013-14,1,6,2015-16,0,0,42.0101,-1,0,0,-2,-2,-1,6,4,3.62
317452,2013-14,1,6,2015-16,0,-2,43.0199,-1,0,0,-2,-2,-1,6,2.7,3.19
316724,2013-14,1,6,2015-16,0,0,43.0199,-1,0,0,-2,-2,-1,6,4,3.16
317633,2013-14,1,6,2015-16,0,-2,43.0199,-1,0,0,-2,-2,-1,6,4,3.08
93036,2013-14,1,6,2015-16,-2,-2,26.0101,-1,0,0,-2,-2,-1,6,0,2.9
311770,2013-14,1,6,2015-16,-2,-2,51.3801,-1,0,0,-2,-2,-1,6,0,3.29
324033,2013-14,1,6,2015-16,-2,-2,26.0101,-1,0,0,-2,-2,-1,6,4,3.48
317025,2013-14,1,6,2015-16,0,-2,23.0101,-1,0,0,-2,-2,-1,6,3.3,3.6
322512,2013-14,1,6,2015-16,0,0,52.0201,-1,0,0,-2,-2,-1,6,3,3.47
297504,2013-14,1,6,2015-16,-2,-2,11.0101,-1,0,0,-2,-2,-1,6,0.99,2.42
322687,2013-14,1,6,2015-16,-2,-2,52.0301,-1,0,0,-2,-2,-1,6,1,2.55
324373,2013-14,1,6,2015-16,-2,-2,45.0601,-1,7,0,45.0601,-2,-1,6,2.65,2.25
323254,2013-14,1,6,2015-16,-2,-2,52.0201,-1,0,0,-2,-2,-1,6,3.7,2.7
324256,2013-14,1,6,2015-16,-2,-2,52.0801,-1,0,0,-2,-2,-1,6,2.7,2.81
259794,2013-14,1,6,2015-16,-2,-2,51.3801,-1,0,0,-2,-2,-1,6,4,3.9
322195,2013-14,1,6,2015-16,-2,-2,50.0901,-1,0,0,-2,-2,-1,6,3.3,3.14
282378,2013-14,1,6,2015-16,-2,-2,43.0199,-1,0,0,-2,-2,-1,6,2.85,3.13
284246,2013-14,1,6,2015-16,-2,-2,52.0801,-1,0,0,-2,-2,-1,6,4,2.57
320073,2013-14,1,6,2015-16,-2,-2,42.0101,-1,0,0,-2,-2,-1,6,4,3.13
303791,2013-14,1,6,2015-16,-2,-2,26.0101,-1,0,0,-2,-2,-1,6,0,1.55
320778,2013-14,1,6,2015-16,-2,-2,45.1101,-1,0,0,-2,-2,-1,6,3.35,3.54
323595,2013-14,1,6,2015-16,-2,-2,51,-1,0,0,-2,-2,-1,6,4,2.96
322287,2013-14,1,6,2015-16,-2,-2,26.0101,-1,0,0,-2,-2,-1,6,2.4,2.44
324687,2013-14,1,6,2015-16,-2,-2,43.0399,-1,0,0,-2,-2,-1,6,1.5,2.6
276681,2013-14,1,6,2015-16,-2,-2,52.0201,-1,0,0,-2,-2,-1,6,0,0.68
323610,2013-14,1,6,2015-16,-2,-2,42.0101,-1,7,0,42.0101,-2,-1,6,3,3.04
320990,2013-14,1,6,2015-16,-2,-2,43.0199,-1,8,0,43.0199,-2,-1,6,4,3.54
324156,2013-14,1,6,2015-16,-2,-2,51.3801,-1,0,0,-2,-2,-1,6,4,2.69
314071,2013-14,1,6,2015-16,-2,-2,43.0203,-1,8,0,43.0203,-2,-1,6,4,3.55
323093,2013-14,1,6,2015-16,-2,-2,42.0101,13.1209,0,0,-2,-2,-1,6,3,3.54
278446,2013-14,1,6,2015-16,-2,-2,45.1101,13.1209,7,0,45.1101,-2,-1,6,4,2.95
324775,2013-14,1,6,2015-16,-2,-2,51,-1,0,0,-2,-2,-1,6,3,2.61
301589,2013-14,1,6,2015-16,-2,-2,45.1101,13.1209,7,0,45.1101,-2,-1,6,4,3.5
322767,2013-14,1,6,2015-16,-2,-2,51.3801,-1,0,0,-2,-2,-1,6,4,3.62
303018,2013-14,1,6,2015-16,-2,-2,26.0101,-1,0,0,-2,-2,-1,6,2.3,2.21
305323,2013-14,1,6,2015-16,-2,-2,52.0301,-1,0,0,-2,-2,-1,6,3.35,2.33
321478,2013-14,1,6,2015-16,-2,-2,42.0101,-1,0,0,-2,-2,-1,6,3.14,3.18
320071,2013-14,1,6,2015-16,-2,-2,42.0101,13.1209,0,0,-2,-2,-1,6,2.7,2.25
321402,2013-14,1,6,2015-16,-2,-2,51.3801,-1,0,0,-2,-2,-1,6,4,3.72
323903,2013-14,1,6,2015-16,-2,-2,52.0201,-1,0,0,-2,-2,-1,6,3.3,3.14
324511,2013-14,1,6,2015-16,-2,-2,51.3801,-1,8,0,51.3801,-2,-1,6,4,3.96
243286,2013-14,1,6,2015-16,-2,-2,42.0101,-1,0,0,-2,-2,-1,6,4,3.2
318101,2013-14,1,6,2015-16,-2,-2,51.3801,-1,0,0,-2,-2,-1,6,4,3.84
323397,2013-14,1,6,2015-16,-2,-2,52.0301,-1,0,0,-2,-2,-1,6,4,1.55
323019,2013-14,1,6,2015-16,-2,-2,23.0101,13.1209,0,0,-2,-2,-1,6,2.7,3.5
323449,2013-14,1,6,2015-16,-2,-2,43.0199,-1,0,0,-2,-2,-1,6,2,2.5
324506,2013-14,1,6,2015-16,-2,-2,52.1401,52.0201,0,0,-2,-2,-1,6,3.7,3.67
324249,2013-14,1,6,2015-16,-2,-2,51.3801,-1,8,0,51.3801,-2,-1,6,3.7,3.96
324266,2013-14,1,6,2015-16,-2,-2,51.3801,-1,0,0,-2,-2,-1,6,4,3.66
322825,2013-14,1,6,2015-16,-2,-2,52.0201,-1,0,0,-2,-2,-1,6,4,3.83
323678,2013-14,1,6,2015-16,-2,-2,51.3801,-1,0,0,-2,-2,-1,6,2.7,3.43
322289,2013-14,1,6,2015-16,-2,-2,43.0199,-1,0,0,-2,-2,-1,6,0.85,2.19
322537,2013-14,1,6,2015-16,-2,-2,40.0601,-1,0,0,-2,-2,-1,6,0,3
323327,2013-14,1,6,2015-16,-2,-2,43.0199,-1,8,0,43.0199,-2,-1,6,4,3.36
323761,2013-14,1,6,2015-16,-2,-2,43.0399,42.0101,8,0,43.0399,-2,-1,6,3,2.9
275871,2013-14,1,6,2015-16,-2,-2,52.0201,-1,0,0,-2,-2,-1,6,3.7,2.53
313558,2013-14,1,6,2015-16,-2,-2,42.0101,-1,0,0,-2,-2,-1,6,3,2.82
320701,2013-14,1,6,2015-16,-2,-2,51.3801,-1,8,0,51.3801,-2,-1,6,2.7,3.51
320893,2013-14,1,6,2015-16,-2,-2,54.0101,13.1001,0,0,-2,-2,-1,6,2,3.4
317411,2013-14,1,6,2015-16,-2,-2,51.3801,-1,0,0,-2,-2,-1,6,4,3.61
254252,2013-14,1,6,2015-16,-2,-2,42.0101,-1,7,0,42.0101,-2,-1,6,4,3.4
320788,2013-14,1,6,2015-16,-2,-2,27.0101,-1,7,0,27.0101,-2,-1,6,4,1.98
324115,2013-14,1,6,2015-16,-2,-2,52.0301,-1,0,0,-2,-2,-1,6,2.3,3
318592,2013-14,1,6,2015-16,-2,-2,27.0101,13.1209,0,0,-2,-2,-1,6,4,2.87
323500,2013-14,1,6,2015-16,-2,-2,43.0203,-1,0,0,-2,-2,-1,6,2,3.62
322937,2013-14,1,6,2015-16,-2,-2,45.1101,-1,7,0,45.1101,-2,-1,6,3.5,2.65
307218,2013-14,1,6,2015-16,-2,-2,24.0102,-1,0,0,-2,-2,-1,6,4,2.51
324800,2013-14,1,6,2015-16,-2,-2,52.0801,-1,0,0,-2,-2,-1,6,3,2.6
323810,2013-14,1,6,2015-16,-2,-2,54.0101,13.1202,7,0,54.0101,-2,-1,6,4,3.75
323005,2013-14,1,6,2015-16,-2,-2,54.0101,-1,7,0,54.0101,-2,-1,6,4,3.27
323809,2013-14,1,6,2015-16,-2,-2,43.0399,-1,0,0,-2,-2,-1,6,0,3.47
318383,2013-14,1,6,2015-16,-2,-2,52.0801,-1,0,0,-2,-2,-1,6,3.7,2.66
320070,2013-14,1,6,2015-16,-2,-2,52.0301,-1,8,0,52.0301,-2,-1,6,2.3,3.6
35803,2013-14,3,6,2015-16,-1,-1,45.1101,-1,0,0,-2,-2,-1,6,3.85,3.44
64083,2013-14,3,6,2015-16,-2,-2,52.0201,-1,0,0,-2,-2,-1,6,3.2,3.24
86606,2013-14,3,6,2015-16,-2,-2,26.0101,42.0101,0,0,-2,-2,-1,6,1,2.27
263711,2013-14,3,6,2015-16,-2,-2,52.0201,-1,0,0,-2,-2,-1,6,3.85,3.15
270904,2013-14,3,6,2015-16,-2,-2,42.0101,-1,0,0,-2,-2,-1,6,3.58,3.12
286145,2013-14,3,6,2015-16,-2,-2,16.0905,-1,0,0,-2,-2,-1,6,3.7,2
287013,2013-14,3,6,2015-16,-2,-2,42.0101,-1,7,0,42.0101,-2,-1,6,2.8,2.27
303695,2013-14,3,6,2015-16,-2,-2,51.3801,-1,0,0,-2,-2,-1,6,3.3,3.28
304209,2013-14,3,6,2015-16,-2,-2,52.0201,-1,0,0,-2,-2,-1,6,3.7,2.1
305885,2013-14,3,6,2015-16,-2,-2,52.0301,-1,0,0,-2,-2,-1,6,2.5,2.71
310689,2013-14,3,6,2015-16,-2,-2,52.0301,-1,0,0,-2,-2,-1,6,3.85,3.73
311757,2013-14,3,6,2015-16,-2,-2,52.0301,-1,8,0,52.0301,-2,-1,6,3.85,2.55
315135,2013-14,3,6,2015-16,-2,-2,51.3801,-1,8,0,51.3801,-2,-1,6,3.3,3.62
316290,2013-14,3,6,2015-16,-2,-2,51.3801,-1,8,0,51.3801,-2,-1,6,2.3,3.61
316301,2013-14,3,6,2015-16,-2,-2,51.3801,-1,0,0,-2,-2,-1,6,4,3.96
321529,2013-14,3,6,2015-16,-2,-2,45.1101,-1,0,0,-2,-2,-1,6,3.65,2.4
322130,2013-14,3,6,2015-16,-2,-2,52.1401,-1,0,0,-2,-2,-1,6,4,3.77
323776,2013-14,3,6,2015-16,-2,-2,51.3801,-1,8,0,51.3801,-2,-1,6,2,3.39
324757,2013-14,3,6,2015-16,-2,-2,52.0301,-1,0,0,-2,-2,-1,6,0,3.3
324790,2013-14,3,6,2015-16,-2,-2,51.3801,-1,0,0,-2,-2,-1,6,3,3.3
324858,2013-14,3,6,2015-16,-2,-2,52.0201,-1,0,0,-2,-2,-1,6,2.65,3.24
324900,2013-14,3,6,2015-16,-2,-2,11.0101,-1,0,0,-2,-2,-1,6,1,2
325104,2013-14,3,6,2015-16,-2,-2,51.3801,-1,8,0,51.3801,-2,-1,6,3.88,3.79
325108,2013-14,3,6,2015-16,-2,-2,40.0601,-1,0,0,-2,-2,-1,6,3,2.83
325408,2013-14,3,6,2015-16,-2,-2,52.0301,-1,0,0,-2,-2,-1,6,3,3.3
325658,2013-14,3,6,2015-16,0,0,43.0203,-1,0,0,-2,-2,-1,6,4,3.23
325808,2013-14,3,6,2015-16,-2,-2,51,-1,0,0,-2,-2,-1,6,3.5,3.41
325824,2013-14,3,6,2015-16,-2,-2,51.3801,-1,8,0,51.3801,-2,-1,6,4,3.92
325840,2013-14,3,6,2015-16,-2,-2,27.0101,-1,0,0,-2,-2,-1,6,3.5,4
325843,2013-14,3,6,2015-16,-2,-2,43.0399,-1,8,0,43.0399,-2,-1,6,2.85,3.2
326081,2013-14,3,6,2015-16,-2,-2,51.3899,-1,8,0,51.3899,-2,-1,6,3.9,3.7
326171,2013-14,3,6,2015-16,-2,-2,42.0101,-1,0,0,-2,-2,-1,6,3.65,3.21
326260,2013-14,3,6,2015-16,-2,-2,52.0201,-1,0,0,-2,-2,-1,6,3.7,2.75
326359,2013-14,3,6,2015-16,-2,-2,45.1101,-1,0,0,-2,-2,-1,6,3.7,3.58
326376,2013-14,3,6,2015-16,-2,-2,43.0399,-1,8,0,43.0399,-2,-1,6,3.7,3.87
326508,2013-14,3,6,2015-16,-2,-2,52.1401,52.0201,0,0,-2,-2,-1,6,4,3.82
326537,2013-14,3,6,2015-16,-2,-2,23.0101,-1,7,0,23.0101,-2,-1,6,2.3,3.51
326702,2013-14,3,6,2015-16,-2,-2,26.0101,-1,0,0,-2,-2,-1,6,3,2.4
326735,2013-14,3,6,2015-16,-2,-2,26.0101,-1,0,0,-2,-2,-1,6,2.7,3.2
326743,2013-14,3,6,2015-16,-2,-2,51.3801,-1,8,0,51.3801,-2,-1,6,4,3.66
326908,2013-14,3,6,2015-16,-2,-2,52.0201,-1,8,0,52.0201,-2,-1,6,4,3.25
327628,2013-14,3,6,2015-16,-2,-2,26.0101,-1,0,0,-2,-2,-1,6,3.13,2.81
327680,2013-14,3,6,2015-16,-2,-2,40.0601,-1,0,0,-2,-2,-1,6,3.83,3.91
327682,2013-14,3,6,2015-16,-2,-2,42.0101,-1,7,0,42.0101,-2,-1,6,4,2.21
327748,2013-14,3,6,2015-16,-2,-2,51.3801,-1,0,0,-2,-2,-1,6,4,4
327808,2013-14,3,6,2015-16,-2,-2,51.3801,-1,0,0,-2,-2,-1,6,3.7,3.54
327993,2013-14,3,6,2015-16,0,-2,26.0101,-1,0,0,-2,-2,-1,6,3.85,3.03
328304,2013-14,3,6,2015-16,-2,-2,43.0399,-1,0,0,-2,-2,-1,6,0,1.92
328532,2013-14,3,6,2015-16,-2,-2,43.0199,-1,0,0,-2,-2,-1,6,0,2.29
328536,2013-14,3,6,2015-16,-2,-2,52.0201,-1,8,0,52.0201,-2,-1,6,3,2.86
328549,2013-14,3,6,2015-16,-2,-2,51.3801,-1,0,0,-2,-2,-1,6,2.7,3.43
75254,2014-15,1,6,2015-16,-2,-2,51.3899,-1,8,0,51.3899,-2,-1,6,3.64,3.43
75384,2014-15,1,6,2015-16,-2,-2,45.1101,-1,0,0,-2,-2,-1,6,3.85,2.88
82707,2014-15,1,6,2015-16,0,0,43.0199,-1,0,0,-2,-2,-1,6,1.7,2.29
88237,2014-15,1,6,2015-16,-2,0,52.0201,-1,0,0,-2,-2,-1,6,3.3,3.71
200290,2014-15,1,6,2015-16,-2,-2,51,-1,0,0,-2,-2,-1,6,3,2.58
200493,2014-15,1,6,2015-16,-2,-2,52.0801,-1,0,0,-2,-2,-1,6,4,2.9
242871,2014-15,1,6,2015-16,-2,-2,43.0199,-1,0,0,-2,-2,-1,6,4,3.84
246137,2014-15,1,6,2015-16,-2,-2,52.0201,-1,0,0,-2,-2,-1,6,4,3.98
249618,2014-15,1,6,2015-16,-2,-2,27.0101,-1,0,0,-2,-2,-1,6,2,3.05
254074,2014-15,1,6,2015-16,-2,-2,52.0201,-1,0,0,-2,-2,-1,6,3.3,2.93
266388,2014-15,1,6,2015-16,-2,-2,51.3899,-1,8,0,51.3899,-2,-1,6,3.77,3.72
271694,2014-15,1,6,2015-16,-2,-2,51.3801,-1,0,0,-2,-2,-1,6,1.35,2.82
274273,2014-15,1,6,2015-16,-2,-2,43.0199,-1,8,0,43.0199,-2,-1,6,4,3.16
276292,2014-15,1,6,2015-16,-2,-2,45.1101,-1,0,0,-2,-2,-1,6,4,3.63
278050,2014-15,1,6,2015-16,-2,-2,42.0101,13.1209,0,0,-2,-2,-1,6,3.3,3.45
284329,2014-15,1,6,2015-16,-2,-2,52.0301,-1,8,0,52.0301,-2,-1,6,4,3.96
286443,2014-15,1,6,2015-16,0,0,43.0199,-1,0,0,-2,-2,-1,6,2,3.18
286680,2014-15,1,6,2015-16,-2,-2,43.0199,-1,0,0,-2,-2,-1,6,2.65,2.17
286863,2014-15,1,6,2015-16,-2,-2,51.3801,-1,8,0,51.3801,-2,-1,6,3.3,3.88
289325,2014-15,1,6,2015-16,-2,-2,51.3801,-1,8,0,51.3801,-2,-1,6,3.3,3.51
290900,2014-15,1,6,2015-16,-2,-2,52.0201,-1,8,0,52.0201,-2,-1,6,3.23,2.86
297222,2014-15,1,6,2015-16,0,0,26.0101,-1,7,0,26.0101,-2,-1,6,4,2.86
297600,2014-15,1,6,2015-16,0,0,42.0101,-1,7,0,42.0101,-2,-1,6,4,2.94
299388,2014-15,1,6,2015-16,-2,-2,26.0101,-1,0,0,-2,-2,-1,6,3.7,2.83
300001,2014-15,1,6,2015-16,0,0,40.0601,-1,0,0,-2,-2,-1,6,3.3,3.31
301870,2014-15,1,6,2015-16,-2,-2,52.0301,-1,0,0,-2,-2,-1,6,3,3.2
304634,2014-15,1,6,2015-16,-2,-2,9.0101,-1,0,0,-2,-2,-1,6,3.3,2.41
305139,2014-15,1,6,2015-16,-2,-2,26.0101,-1,0,0,-2,-2,-1,6,0,1.78
309461,2014-15,1,6,2015-16,0,0,26.0101,-1,0,0,-2,-2,-1,6,1.5,2.52
311126,2014-15,1,6,2015-16,-2,-2,52.0301,-1,0,0,-2,-2,-1,6,3.3,2.89
311833,2014-15,1,6,2015-16,-2,-2,51.3801,-1,8,0,51.3801,-2,-1,6,2.86,3.04
314935,2014-15,1,6,2015-16,-2,-2,51.3801,-1,0,0,-2,-2,-1,6,4,4
315226,2014-15,1,6,2015-16,-2,-2,42.0101,-1,7,0,42.0101,-2,-1,6,4,3.66
315952,2014-15,1,6,2015-16,-2,-2,51.3801,-1,0,0,-2,-2,-1,6,3.7,3.34
315953,2014-15,1,6,2015-16,-2,-2,51.3801,-1,8,0,51.3801,-2,-1,6,4,3.7
316152,2014-15,1,6,2015-16,-2,-2,51.3801,-1,8,0,51.3801,-2,-1,6,4,3.87
317222,2014-15,1,6,2015-16,-2,-2,42.0101,-1,0,0,-2,-2,-1,6,3.7,2.52
317359,2014-15,1,6,2015-16,-2,-2,52.0201,-1,0,0,-2,-2,-1,6,4,3.11
320042,2014-15,1,6,2015-16,-2,-2,16.0905,-1,0,0,-2,-2,-1,6,3.7,3.95
321498,2014-15,1,6,2015-16,-2,-2,51,-1,8,0,51,-2,-1,6,0,3.86
322320,2014-15,1,6,2015-16,0,-2,43.0199,-1,0,0,-2,-2,-1,6,4,2.02
323148,2014-15,1,6,2015-16,-2,-2,51.3801,-1,8,0,51.3801,-2,-1,6,2.3,3.96
323302,2014-15,1,6,2015-16,-2,-2,42.0101,-1,0,0,-2,-2,-1,6,1.85,2.04
323729,2014-15,1,6,2015-16,-2,-2,51.3801,-1,0,0,-2,-2,-1,6,3.88,3.73
323908,2014-15,1,6,2015-16,-2,-2,52.0201,-1,8,0,52.0201,-2,-1,6,3,3.35
324185,2014-15,1,6,2015-16,-2,0,27.0101,-1,0,0,-2,-2,-1,6,3,3.44
324481,2014-15,1,6,2015-16,-2,-2,52.0301,-1,0,0,-2,-2,-1,6,3.7,3.47
324659,2014-15,1,6,2015-16,-2,-2,52.0201,-1,0,0,-2,-2,-1,6,3,3.11
324669,2014-15,1,6,2015-16,-2,-2,51.3801,-1,0,0,-2,-2,-1,6,3.7,3.4
324760,2014-15,1,6,2015-16,-2,-2,51.3801,-1,8,0,51.3801,-2,-1,6,3.7,3.53
324784,2014-15,1,6,2015-16,-2,-2,50.0901,-1,0,0,-2,-2,-1,6,4,3.31
325246,2014-15,1,6,2015-16,-2,-2,51.3801,-1,0,0,-2,-2,-1,6,0,3.66
325247,2014-15,1,6,2015-16,-2,-2,51.3801,-1,8,0,51.3801,-2,-1,6,4,3.96
325318,2014-15,1,6,2015-16,-2,-2,52.0801,-1,0,0,-2,-2,-1,6,2.7,2.99
325436,2014-15,1,6,2015-16,-2,-2,51.3801,-1,8,0,51.3801,-2,-1,6,2.7,3.09
325523,2014-15,1,6,2015-16,0,0,24.0102,-1,0,0,-2,-2,-1,6,3,3
325540,2014-15,1,6,2015-16,0,0,51.0999,-1,0,0,-2,-2,-1,6,3.7,3.43
325849,2014-15,1,6,2015-16,-2,-2,51.3801,-1,0,0,-2,-2,-1,6,4,4
326025,2014-15,1,6,2015-16,0,0,42.0101,-1,0,0,-2,-2,-1,6,4,2.44
326028,2014-15,1,6,2015-16,0,0,50.0701,-1,0,0,-2,-2,-1,6,4,3.38
326037,2014-15,1,6,2015-16,-2,-2,23.0101,-1,0,0,-2,-2,-1,6,2,2.16
326111,2014-15,1,6,2015-16,-2,-2,52.0801,-1,0,0,-2,-2,-1,6,3,3.61
326422,2014-15,1,6,2015-16,0,0,51.3801,-1,0,0,-2,-2,-1,6,3.7,3.14
326471,2014-15,1,6,2015-16,-2,0,50.0901,27.0101,0,0,-2,-2,-1,6,4,3.32
326762,2014-15,1,6,2015-16,-2,-2,52.0301,-1,0,0,-2,-2,-1,6,2.2,3.16
326779,2014-15,1,6,2015-16,-2,0,50.0901,-1,0,0,-2,-2,-1,6,3,3.1
326909,2014-15,1,6,2015-16,-1,-1,27.0101,-1,0,0,-2,-2,-1,6,4,3.29
326916,2014-15,1,6,2015-16,0,-2,43.0203,-1,0,0,-2,-2,-1,6,0,3.25
327030,2014-15,1,6,2015-16,-2,-2,26.0101,-1,0,0,-2,-2,-1,6,3.96,3.81
327056,2014-15,1,6,2015-16,0,0,52.0201,-1,0,0,-2,-2,-1,6,4,3.67
327101,2014-15,1,6,2015-16,-2,-2,52.0301,-1,0,0,-2,-2,-1,6,3.5,3.01
327224,2014-15,1,6,2015-16,-2,-2,51.0999,-1,0,0,-2,-2,-1,6,4,3.72
327262,2014-15,1,6,2015-16,-2,-2,50.0901,-1,0,0,-2,-2,-1,6,4,3.44
327276,2014-15,1,6,2015-16,-2,-2,50.0901,-1,0,0,-2,-2,-1,6,4,3.82
327351,2014-15,1,6,2015-16,-2,-2,51.3801,-1,8,0,51.3801,-2,-1,6,3.3,3.86
327377,2014-15,1,6,2015-16,0,0,51,-1,0,0,-2,-2,-1,6,1.7,1.75
327532,2014-15,1,6,2015-16,0,0,52.0201,-1,0,0,-2,-2,-1,6,0,1.18
327605,2014-15,1,6,2015-16,-2,0,50.0901,-1,0,0,-2,-2,-1,6,4,3.68
327615,2014-15,1,6,2015-16,-2,-2,51,-1,8,0,51,-2,-1,6,4,3.94
327638,2014-15,1,6,2015-16,-2,-2,52.0201,-1,0,0,-2,-2,-1,6,3.35,3.13
327674,2014-15,1,6,2015-16,-2,-2,42.0101,-1,7,0,42.0101,-2,-1,6,3.3,3.86
327940,2014-15,1,6,2015-16,-2,-2,52.0801,-1,0,0,-2,-2,-1,6,2.7,3.07
327955,2014-15,1,6,2015-16,-2,-2,26.0101,-1,0,0,-2,-2,-1,6,2.3,3.54
328037,2014-15,1,6,2015-16,-2,0,-1,-1,0,0,-2,-2,-1,6,2,2.59
328128,2014-15,1,6,2015-16,-2,-2,43.0199,-1,0,0,-2,-2,-1,6,4,3.47
328268,2014-15,1,6,2015-16,-2,-2,51.3801,-1,0,0,-2,-2,-1,6,4,3.71
328396,2014-15,1,6,2015-16,-2,-2,42.0101,-1,0,0,-2,-2,-1,6,4,3.01
328417,2014-15,1,6,2015-16,0,0,50.0901,-1,0,0,-2,-2,-1,6,2,2.73
328473,2014-15,1,6,2015-16,-2,-2,51.3801,-1,0,0,-2,-2,-1,6,4,4
328632,2014-15,1,6,2015-16,-2,0,27.0101,-1,0,0,-2,-2,-1,6,4,3.26
328695,2014-15,1,6,2015-16,0,0,9.0101,-1,0,0,-2,-2,-1,6,2,3
328742,2014-15,1,6,2015-16,0,0,52.0201,-1,0,0,-2,-2,-1,6,3,2.48
328788,2014-15,1,6,2015-16,-2,-2,43.0199,-1,0,0,-2,-2,-1,6,4,3.06
328800,2014-15,1,6,2015-16,-2,0,27.0101,-1,0,0,-2,-2,-1,6,3,1.66
328802,2014-15,1,6,2015-16,-2,-2,51,-1,0,0,-2,-2,-1,6,3.65,3.43
328809,2014-15,1,6,2015-16,-2,-2,16.0905,-1,0,0,-2,-2,-1,6,3.7,3.2
328833,2014-15,1,6,2015-16,-2,-2,43.0199,-1,0,0,-2,-2,-1,6,3,2.48
328932,2014-15,1,6,2015-16,-1,-1,23.0101,54.0101,0,0,-2,-2,-1,6,2,3.58
329000,2014-15,1,6,2015-16,-2,-2,51.3801,-1,8,0,51.3801,-2,-1,6,3.3,3.53
329002,2014-15,1,6,2015-16,-2,-2,43.0199,-1,8,0,43.0199,-2,-1,6,3.3,2.95
329086,2014-15,1,6,2015-16,0,0,52.0201,-1,0,0,-2,-2,-1,6,4,3.74
329130,2014-15,1,6,2015-16,0,0,43.0199,-1,0,0,-2,-2,-1,6,3.85,2.5
329312,2014-15,1,6,2015-16,-2,-2,51.3801,-1,0,0,-2,-2,-1,6,4,3
329407,2014-15,1,6,2015-16,-2,-2,43.0199,-1,0,0,-2,-2,-1,6,4,3.13
329510,2014-15,1,6,2015-16,-2,0,27.0101,11.0101,0,0,-2,-2,-1,6,2,3.17
329552,2014-15,1,6,2015-16,0,0,52.0201,-1,0,0,-2,-2,-1,6,3.3,3.4
329595,2014-15,1,6,2015-16,-2,-2,16.0905,-1,7,0,16.0905,-2,-1,6,3.7,3.18
329645,2014-15,1,6,2015-16,0,0,13.1202,-1,0,0,-2,-2,-1,6,0,2.4
329649,2014-15,1,6,2015-16,0,0,26.0101,-1,0,0,-2,-2,-1,6,3.35,2.95
329673,2014-15,1,6,2015-16,0,0,26.0101,-1,0,0,-2,-2,-1,6,2,2.95
329678,2014-15,1,6,2015-16,0,0,24.0102,-1,0,0,-2,-2,-1,6,4,3.21
329867,2014-15,1,6,2015-16,0,0,27.0101,-1,0,0,-2,-2,-1,6,0,2.32
329942,2014-15,1,6,2015-16,-2,-2,50.0701,-1,0,0,-2,-2,-1,6,3.65,3.87
329977,2014-15,1,6,2015-16,-2,-2,51.3801,-1,0,0,-2,-2,-1,6,3.3,3.3
329999,2014-15,1,6,2015-16,-2,-2,43.0399,-1,0,0,-2,-2,-1,6,3,3.61
330115,2014-15,1,6,2015-16,0,-2,50.0901,-1,0,0,-2,-2,-1,6,4,3.93
330124,2014-15,1,6,2015-16,-2,-2,27.0101,-1,0,0,-2,-2,-1,6,4,3.51
330160,2014-15,1,6,2015-16,-2,-2,42.0101,-1,7,0,42.0101,-2,-1,6,3.3,2.61
330165,2014-15,1,6,2015-16,-2,-2,52.0801,-1,0,0,-2,-2,-1,6,4,3.72
330211,2014-15,1,6,2015-16,-2,-2,51.3801,-1,0,0,-2,-2,-1,6,0,2.35
330236,2014-15,1,6,2015-16,-2,-2,43.0199,-1,0,0,-2,-2,-1,6,4,3.57
330237,2014-15,1,6,2015-16,-2,-2,23.0101,13.1202,0,0,-2,-2,-1,6,3.3,3.98
330278,2014-15,1,6,2015-16,-2,-2,9.0101,-1,0,0,-2,-2,-1,6,1,2.28
330283,2014-15,1,6,2015-16,-2,-2,26.0101,-1,8,0,26.0101,-2,-1,6,3.7,3.59
330319,2014-15,1,6,2015-16,0,0,11.0101,-1,0,0,-2,-2,-1,6,0,3.23
330337,2014-15,1,6,2015-16,0,0,13.1209,-1,0,0,-2,-2,-1,6,3.7,2.31
330345,2014-15,1,6,2015-16,-2,-2,51.3801,-1,0,0,-2,-2,-1,6,3.3,3.51
330389,2014-15,1,6,2015-16,-2,-2,42.0101,13.1209,0,0,-2,-2,-1,6,4,3.77
330400,2014-15,1,6,2015-16,-2,-2,42.0101,-1,0,0,-2,-2,-1,6,4,2.84
330442,2014-15,1,6,2015-16,-2,-2,52.0201,-1,0,0,-2,-2,-1,6,4,3.19
330481,2014-15,1,6,2015-16,0,0,26.0101,-1,0,0,-2,-2,-1,6,2,2.12
330522,2014-15,1,6,2015-16,-2,-2,51.3801,-1,0,0,-2,-2,-1,6,0,3.22
330573,2014-15,1,6,2015-16,-2,-2,45.1101,-1,0,0,-2,-2,-1,6,1,2.08
330575,2014-15,1,6,2015-16,-2,-2,26.0101,-1,0,0,-2,-2,-1,6,2.57,2.41
330585,2014-15,1,6,2015-16,0,-2,13.1001,-1,0,0,-2,-2,-1,6,4,2.36
330597,2014-15,1,6,2015-16,-2,-2,43.0399,-1,0,0,-2,-2,-1,6,2.7,3.1
330614,2014-15,1,6,2015-16,-2,-2,45.0601,-1,0,0,-2,-2,-1,6,3.7,3.4
330638,2014-15,1,6,2015-16,-2,-2,51.3801,-1,8,0,51.3801,-2,-1,6,3.3,3.89
330735,2014-15,1,6,2015-16,-2,-2,43.0399,-1,0,0,-2,-2,-1,6,2.65,3.85
330739,2014-15,1,6,2015-16,-2,-2,43.0399,-1,8,0,43.0399,-2,-1,6,4,3.84
330760,2014-15,1,6,2015-16,-2,-2,51,-1,0,0,-2,-2,-1,6,1.65,3.31
330762,2014-15,1,6,2015-16,-2,-2,45.1101,-1,0,0,-2,-2,-1,6,4,3.22
330833,2014-15,1,6,2015-16,-2,-2,51.3801,-1,0,0,-2,-2,-1,6,4,3.73
330870,2014-15,1,6,2015-16,0,0,50.0901,-1,0,0,-2,-2,-1,6,3.3,2.6
330882,2014-15,1,6,2015-16,0,0,51,-1,0,0,-2,-2,-1,6,0,1.55
330956,2014-15,1,6,2015-16,-2,-2,9.0101,-1,0,0,-2,-2,-1,6,4,3.65
331010,2014-15,1,6,2015-16,-2,-2,52.0201,-1,8,0,52.0201,-2,-1,6,4,3.87
331065,2014-15,1,6,2015-16,-2,-2,43.0199,-1,0,0,-2,-2,-1,6,3.3,2.73
331101,2014-15,1,6,2015-16,0,0,52.0201,-1,0,0,-2,-2,-1,6,2,1.32
331135,2014-15,1,6,2015-16,-2,-2,52.0201,-1,0,0,-2,-2,-1,6,3,3.07
331155,2014-15,1,6,2015-16,-2,-2,51.3801,-1,0,0,-2,-2,-1,6,3.7,3.94
331189,2014-15,1,6,2015-16,-2,-2,52.1401,-1,0,0,-2,-2,-1,6,3.7,3.35
331214,2014-15,1,6,2015-16,-2,-2,51.3801,-1,8,0,51.3801,-2,-1,6,4,3.62
331216,2014-15,1,6,2015-16,-2,-2,42.0101,-1,0,0,-2,-2,-1,6,3.7,3.46
331247,2014-15,1,6,2015-16,-2,-2,52.0201,-1,0,0,-2,-2,-1,6,4,3.48
331249,2014-15,1,6,2015-16,-2,-2,51.3801,-1,0,0,-2,-2,-1,6,3.7,3.74
331286,2014-15,1,6,2015-16,-2,-2,26.0101,-1,0,0,-2,-2,-1,6,2,2.41
331330,2014-15,1,6,2015-16,-2,-2,51.3801,-1,0,0,-2,-2,-1,6,2,3.24
331333,2014-15,1,6,2015-16,-2,-2,42.0101,-1,7,0,42.0101,-2,-1,6,3,2.99
331361,2014-15,1,6,2015-16,-2,-2,43.0199,-1,0,0,-2,-2,-1,6,3.5,2.12
331371,2014-15,1,6,2015-16,-2,-2,43.0399,-1,0,0,-2,-2,-1,6,4,3.25
331412,2014-15,1,6,2015-16,-2,-2,43.0199,-1,0,0,-2,-2,-1,6,3.35,3.46
331413,2014-15,1,6,2015-16,-2,-2,42.0101,13.1209,0,0,-2,-2,-1,6,3.65,3.2
331462,2014-15,1,6,2015-16,-2,-2,52.0301,-1,0,0,-2,-2,-1,6,2.5,2.69
331474,2014-15,1,6,2015-16,-2,-2,52.1401,-1,0,0,-2,-2,-1,6,2.85,3.65
331557,2014-15,1,6,2015-16,-2,-2,26.0101,-1,0,0,-2,-2,-1,6,3.35,2.44
331573,2014-15,1,6,2015-16,-2,-2,51.3801,-1,8,0,51.3801,-2,-1,6,3.3,3.54
331599,2014-15,1,6,2015-16,-2,-2,52.0301,-1,0,0,-2,-2,-1,6,4,3.63
331637,2014-15,1,6,2015-16,-2,-2,51.3801,-1,0,0,-2,-2,-1,6,0,3.38
331701,2014-15,1,6,2015-16,-2,-2,51.3801,-1,0,0,-2,-2,-1,6,3.3,3.66
331717,2014-15,1,6,2015-16,-2,-2,51.3801,-1,0,0,-2,-2,-1,6,4,3.94
331738,2014-15,1,6,2015-16,-2,-2,43.0399,-1,0,0,-2,-2,-1,6,4,3.52
331797,2014-15,1,6,2015-16,-2,-2,51.3801,-1,8,0,51.3801,-2,-1,6,4,3.91
331806,2014-15,1,6,2015-16,-2,-2,43.0199,-1,8,0,43.0199,-2,-1,6,2,2.41
331811,2014-15,1,6,2015-16,-2,-2,51.3801,-1,0,0,-2,-2,-1,6,4,3.5
331839,2014-15,1,6,2015-16,-2,-2,52.0301,-1,0,0,-2,-2,-1,6,4,3.47
331918,2014-15,1,6,2015-16,-2,-2,51.3801,-1,0,0,-2,-2,-1,6,2,3.43
331923,2014-15,1,6,2015-16,-2,-2,43.0199,-1,0,0,-2,-2,-1,6,4,3.11
331930,2014-15,1,6,2015-16,-2,-2,51.3801,-1,8,0,51.3801,-2,-1,6,3.7,3.59
332083,2014-15,1,6,2015-16,0,0,5.0207,-1,0,0,-2,-2,-1,6,0,3.62
332193,2014-15,1,6,2015-16,-2,-2,43.0199,-1,8,0,43.0199,-2,-1,6,4,3.98
332196,2014-15,1,6,2015-16,-2,-2,52.0301,27.0101,0,0,-2,-2,-1,6,3.7,2.97
332251,2014-15,1,6,2015-16,-2,-2,51,-1,0,0,-2,-2,-1,6,1.5,3.2
332276,2014-15,1,6,2015-16,-2,-2,43.0203,-1,8,0,43.0203,-2,-1,6,4,3.48
332300,2014-15,1,6,2015-16,-2,-2,52.0201,-1,0,0,-2,-2,-1,6,3.65,3.62
332313,2014-15,1,6,2015-16,-2,-2,43.0203,-1,0,0,-2,-2,-1,6,3.7,4
332361,2014-15,1,6,2015-16,-2,-2,50.0701,-1,0,0,-2,-2,-1,6,4,3.46
332381,2014-15,1,6,2015-16,-2,-2,51.3801,-1,8,0,51.3801,-2,-1,6,4,4
332386,2014-15,1,6,2015-16,0,0,43.0199,-1,0,0,-2,-2,-1,6,2.3,2.65
332393,2014-15,1,6,2015-16,-2,-2,26.0101,-1,0,0,-2,-2,-1,6,3,2.97
332427,2014-15,1,6,2015-16,-2,-2,51.3801,-1,8,0,51.3801,-2,-1,6,4,3.64
332432,2014-15,1,6,2015-16,-2,-2,42.0101,-1,0,0,-2,-2,-1,6,2.85,2.82
340004,2014-15,1,6,2015-16,0,-2,52.0201,-1,0,0,-2,-2,-1,6,3.7,3.16
340011,2014-15,1,6,2015-16,-2,-2,27.0101,-1,0,0,-2,-2,-1,6,4,3.48
340014,2014-15,1,6,2015-16,-2,-2,51.3801,-1,8,0,51.3801,-2,-1,6,3.7,3.78
340043,2014-15,1,6,2015-16,-2,-2,51.3801,-1,0,0,-2,-2,-1,6,4,3.96
340046,2014-15,1,6,2015-16,-2,-2,42.0101,13.1209,0,0,-2,-2,-1,6,4,3.19
340113,2014-15,1,6,2015-16,-2,-2,42.0101,-1,7,0,42.0101,-2,-1,6,4,2.34
340117,2014-15,1,6,2015-16,0,-2,26.0101,-1,0,0,-2,-2,-1,6,3.3,3.14
340160,2014-15,1,6,2015-16,-2,-2,16.0905,13.1209,0,0,-2,-2,-1,6,2,2.93
340164,2014-15,1,6,2015-16,-2,-2,52.0301,-1,0,0,-2,-2,-1,6,1.65,2.99
340192,2014-15,1,6,2015-16,-2,-2,42.0101,13.1202,0,0,-2,-2,-1,6,3,2.92
340332,2014-15,1,6,2015-16,-2,-2,52.1401,-1,0,0,-2,-2,-1,6,1.5,2
340447,2014-15,1,6,2015-16,-2,-2,51.3801,-1,0,0,-2,-2,-1,6,4,3.88
340448,2014-15,1,6,2015-16,-2,-2,52.0301,-1,0,0,-2,-2,-1,6,2.35,2.63
340489,2014-15,1,6,2015-16,-2,-2,26.0101,-1,0,0,-2,-2,-1,6,4,2.75
340509,2014-15,1,6,2015-16,-2,-2,42.0101,-1,0,0,-2,-2,-1,6,4,3.74
340574,2014-15,1,6,2015-16,-2,-2,13.1202,-1,0,0,-2,-2,-1,6,2.85,2.54
340576,2014-15,1,6,2015-16,-2,-2,51.3801,-1,0,0,-2,-2,-1,6,4,3.74
340604,2014-15,1,6,2015-16,-2,-2,51.3801,-1,0,0,-2,-2,-1,6,4,3.82
340613,2014-15,1,6,2015-16,-2,-2,52.0301,-1,0,0,-2,-2,-1,6,3.15,3.09
340623,2014-15,1,6,2015-16,0,0,45.1001,-1,0,0,-2,-2,-1,6,4,3.9
340650,2014-15,1,6,2015-16,-2,-2,42.0101,-1,0,0,-2,-2,-1,6,3,2.6
340652,2014-15,1,6,2015-16,-2,-2,43.0203,-1,0,0,-2,-2,-1,6,4,4
340724,2014-15,1,6,2015-16,-2,-2,43.0203,-1,0,0,-2,-2,-1,6,1.85,3.58
340779,2014-15,1,6,2015-16,-2,-2,51.3801,-1,0,0,-2,-2,-1,6,4,3.73
340796,2014-15,1,6,2015-16,-2,-2,-1,-1,0,0,-2,-2,-1,6,4,3.89
340809,2014-15,1,6,2015-16,-2,-2,45.1001,-1,0,0,-2,-2,-1,6,2.5,3.7
34166,2014-15,3,6,2015-16,-2,-2,51.3801,-1,8,0,51.3801,-2,-1,6,4,3.79
102239,2014-15,3,6,2015-16,0,0,13.1209,-1,0,0,-2,-2,-1,6,1,2.65
137622,2014-15,3,6,2015-16,-2,-2,51.3801,-1,0,0,-2,-2,-1,6,3.7,3.17
205000,2014-15,3,6,2015-16,-2,-2,26.0101,-1,0,0,-2,-2,-1,6,2,2.86
249154,2014-15,3,6,2015-16,-2,-2,26.0101,-1,0,0,-2,-2,-1,6,2.3,2.38
256455,2014-15,3,6,2015-16,-2,-2,51.3801,-1,0,0,-2,-2,-1,6,3.7,3.18
261730,2014-15,3,6,2015-16,-2,-2,43.0199,-1,8,0,43.0199,-2,-1,6,3,2.4
271675,2014-15,3,6,2015-16,-2,-2,52.1401,-1,0,0,-2,-2,-1,6,4,2.93
278790,2014-15,3,6,2015-16,0,0,26.0101,13.1209,0,0,-2,-2,-1,6,2.7,2.68
279159,2014-15,3,6,2015-16,-2,-2,50.0901,-1,0,0,-2,-2,-1,6,3.7,3.32
289298,2014-15,3,6,2015-16,-2,-2,26.0101,-1,0,0,-2,-2,-1,6,1,2.21
290985,2014-15,3,6,2015-16,-2,-2,52.0201,-1,8,0,52.0201,-2,-1,6,2.8,2.9
294108,2014-15,3,6,2015-16,0,0,52.0801,-1,0,0,-2,-2,-1,6,3.82,2.44
308141,2014-15,3,6,2015-16,-2,-2,43.0199,-1,0,0,-2,-2,-1,6,2.7,2.6
308630,2014-15,3,6,2015-16,0,-2,42.0101,-1,0,0,-2,-2,-1,6,3.7,3.15
309786,2014-15,3,6,2015-16,-2,-2,13.1209,-1,0,0,-2,-2,-1,6,4,3.72
310700,2014-15,3,6,2015-16,-2,-2,54.0101,13.1001,0,0,-2,-2,-1,6,3.3,3.57
310824,2014-15,3,6,2015-16,-2,-2,43.0199,43.0399,0,0,-2,-2,-1,6,3.3,3.18
312872,2014-15,3,6,2015-16,-2,-2,51.3801,-1,0,0,-2,-2,-1,6,4,3.77
318659,2014-15,3,6,2015-16,-2,-2,52.1401,-1,0,0,-2,-2,-1,6,1.5,2.17
319252,2014-15,3,6,2015-16,-2,-2,42.0101,-1,0,0,-2,-2,-1,6,3,2.84
320386,2014-15,3,6,2015-16,0,0,50.0901,-1,0,0,-2,-2,-1,6,3.7,3.7
320522,2014-15,3,6,2015-16,-2,-2,51.3801,-1,8,0,51.3801,-2,-1,6,4,3.8
322209,2014-15,3,6,2015-16,-2,-2,16.0905,13.1209,0,0,-2,-2,-1,6,0,3.35
322532,2014-15,3,6,2015-16,-2,-2,52.0201,-1,0,0,-2,-2,-1,6,4,3.37
324217,2014-15,3,6,2015-16,-2,-2,51.3801,-1,0,0,-2,-2,-1,6,3.3,3.91
325514,2014-15,3,6,2015-16,0,-2,43.0203,-1,0,0,-2,-2,-1,6,4,2.43
326660,2014-15,3,6,2015-16,-2,0,26.0101,-1,0,0,-2,-2,-1,6,3.7,2.45
328137,2014-15,3,6,2015-16,-2,-2,43.0399,-1,0,0,-2,-2,-1,6,4,3.48
328229,2014-15,3,6,2015-16,-2,-2,51.3801,-1,8,0,51.3801,-2,-1,6,3.18,3.3
328239,2014-15,3,6,2015-16,-2,-2,51.3801,-1,0,0,-2,-2,-1,6,3,3.25
329460,2014-15,3,6,2015-16,-2,-2,51.3801,-1,8,0,51.3801,-2,-1,6,2.7,3.83
329471,2014-15,3,6,2015-16,-2,-2,51.3801,-1,8,0,51.3801,-2,-1,6,3.7,3.82
329498,2014-15,3,6,2015-16,-2,-2,51.3801,-1,8,0,51.3801,-2,-1,6,3.3,3.54
329750,2014-15,3,6,2015-16,0,0,54.0101,-1,0,0,-2,-2,-1,6,2,1.87
329846,2014-15,3,6,2015-16,-2,-2,51.3801,-1,8,0,51.3801,-2,-1,6,3.58,3.55
330035,2014-15,3,6,2015-16,-2,-2,51.3801,-1,8,0,51.3801,-2,-1,6,4,3.91
330044,2014-15,3,6,2015-16,-2,-2,42.0101,-1,0,0,-2,-2,-1,6,4,4
330219,2014-15,3,6,2015-16,-2,-2,51.3801,-1,0,0,-2,-2,-1,6,3.7,3.85
330639,2014-15,3,6,2015-16,-2,-2,52.0801,-1,0,0,-2,-2,-1,6,4,3.89
331352,2014-15,3,6,2015-16,-2,-2,42.0101,-1,0,0,-2,-2,-1,6,3.3,2.86
331742,2014-15,3,6,2015-16,-2,-2,51.3801,-1,8,0,51.3801,-2,-1,6,3.7,3.94
331772,2014-15,3,6,2015-16,-2,-2,51.3801,-1,8,0,51.3801,-2,-1,6,3.7,3.94
332038,2014-15,3,6,2015-16,0,0,50.0701,-1,0,0,-2,-2,-1,6,4,2.14
332316,2014-15,3,6,2015-16,-2,-2,40.0501,-1,0,0,-2,-2,-1,6,4,3.79
340090,2014-15,3,6,2015-16,-2,-2,26.0101,-1,0,0,-2,-2,-1,6,2.8,2.47
340516,2014-15,3,6,2015-16,-2,-2,45.1001,-1,0,0,-2,-2,-1,6,2,3.18
340548,2014-15,3,6,2015-16,-2,-2,43.0199,-1,8,0,43.0199,-2,-1,6,4,3.64
340558,2014-15,3,6,2015-16,-2,-2,52.0301,-1,0,0,-2,-2,-1,6,2.3,2.23
340734,2014-15,3,6,2015-16,-2,-2,51.3801,-1,0,0,-2,-2,-1,6,4,3.94
340752,2014-15,3,6,2015-16,-2,-2,45.1101,43.0199,0,0,-2,-2,-1,6,4,3.09
340788,2014-15,3,6,2015-16,-2,-2,51.3801,-1,0,0,-2,-2,-1,6,3.7,3.86
340804,2014-15,3,6,2015-16,-2,-2,51.3801,-1,0,0,-2,-2,-1,6,4,3.9
340826,2014-15,3,6,2015-16,-2,-2,45.1101,-1,0,0,-2,-2,-1,6,4,2.86
340920,2014-15,3,6,2015-16,-2,-2,45.1101,-1,0,0,-2,-2,-1,6,4,3.01
341105,2014-15,3,6,2015-16,0,-2,40.0801,-1,0,0,-2,-2,-1,6,3,3.79
341111,2014-15,3,6,2015-16,-2,-2,52.0201,-1,0,0,-2,-2,-1,6,4,3
341238,2014-15,3,6,2015-16,-2,-2,52.0201,-1,0,0,-2,-2,-1,6,2.3,3.11
341252,2014-15,3,6,2015-16,-2,-2,26.0101,-1,0,0,-2,-2,-1,6,3.3,2.78
341274,2014-15,3,6,2015-16,-2,-2,26.0101,-1,0,0,-2,-2,-1,6,3.7,3.38
341321,2014-15,3,6,2015-16,-2,-2,52.0301,-1,0,0,-2,-2,-1,6,3.7,3.71
341344,2014-15,3,6,2015-16,-2,-2,51.3801,-1,0,0,-2,-2,-1,6,4,3.33
341410,2014-15,3,6,2015-16,-2,-2,51.3801,-1,8,0,51.3801,-2,-1,6,3,3.66
341504,2014-15,3,6,2015-16,-2,-2,26.0101,-1,0,0,-2,-2,-1,6,0,3.54
341562,2014-15,3,6,2015-16,-2,-2,43.0199,-1,0,0,-2,-2,-1,6,4,3.18
341569,2014-15,3,6,2015-16,-2,-2,43.0399,-1,8,0,43.0399,-2,-1,6,4,3.96
341612,2014-15,3,6,2015-16,-2,-2,50.0701,-1,0,0,-2,-2,-1,6,4,3.92
341663,2014-15,3,6,2015-16,-2,-2,51.3801,-1,0,0,-2,-2,-1,6,4,3.68
341686,2014-15,3,6,2015-16,-2,-2,51.3801,-1,0,0,-2,-2,-1,6,3.85,3.66
341704,2014-15,3,6,2015-16,-2,-2,43.0199,-1,0,0,-2,-2,-1,6,2.85,2.72
341709,2014-15,3,6,2015-16,-2,-2,51.3801,-1,0,0,-2,-2,-1,6,3,3.6
341773,2014-15,3,6,2015-16,-2,-2,52.0301,-1,0,0,-2,-2,-1,6,3.85,3.85
341815,2014-15,3,6,2015-16,-2,-2,51.3801,-1,8,0,51.3801,-2,-1,6,4,3.61
341875,2014-15,3,6,2015-16,-2,-2,51.3801,-1,0,0,-2,-2,-1,6,3,3.78
341894,2014-15,3,6,2015-16,-2,-2,43.0199,-1,8,0,43.0199,-2,-1,6,4,3.68
341903,2014-15,3,6,2015-16,-2,-2,43.0199,-1,8,0,43.0199,-2,-1,6,4,3.91
341909,2014-15,3,6,2015-16,-2,-2,52.0201,-1,0,0,-2,-2,-1,6,4,3.08
341929,2014-15,3,6,2015-16,0,0,43.0203,-1,0,0,-2,-2,-1,6,2.5,3.71
341931,2014-15,3,6,2015-16,-2,-2,26.0101,-1,0,0,-2,-2,-1,6,3,3.33
341938,2014-15,3,6,2015-16,-2,-2,52.0301,-1,0,0,-2,-2,-1,6,4,3.77
341982,2014-15,3,6,2015-16,-2,-2,52.0201,-1,0,0,-2,-2,-1,6,3,3.16
341990,2014-15,3,6,2015-16,-2,-2,52.0201,-1,0,0,-2,-2,-1,6,4,3.95
342001,2014-15,3,6,2015-16,-2,-2,42.0101,-1,0,0,-2,-2,-1,6,2.7,2.35
342134,2014-15,3,6,2015-16,-2,-2,51.3801,-1,0,0,-2,-2,-1,6,2.3,3.5
342152,2014-15,3,6,2015-16,0,-2,43.0203,-1,0,0,-2,-2,-1,6,4,4
342336,2014-15,3,6,2015-16,-2,-2,51.3801,-1,8,0,51.3801,-2,-1,6,3.7,3.08
342341,2014-15,3,6,2015-16,-2,-2,52.1401,-1,0,0,-2,-2,-1,6,2.35,2.94
342357,2014-15,3,6,2015-16,-2,-2,43.0203,-1,0,0,-2,-2,-1,6,3,3.93
342363,2014-15,3,6,2015-16,-2,-2,51.3801,-1,0,0,-2,-2,-1,6,4,3.94
342421,2014-15,3,6,2015-16,-2,-2,51.3801,-1,8,0,51.3801,-2,-1,6,4,3.71
342524,2014-15,3,6,2015-16,-2,-2,43.0199,-1,0,0,-2,-2,-1,6,4,3.46
342587,2014-15,3,6,2015-16,0,-2,45.1001,-1,0,0,-2,-2,-1,6,0,3.64
342720,2014-15,3,6,2015-16,-2,-2,52.0801,-1,0,0,-2,-2,-1,6,4,3.6
342887,2014-15,3,6,2015-16,-2,-2,43.0399,-1,0,0,-2,-2,-1,6,1,3.36
342895,2014-15,3,6,2015-16,-2,-2,43.0399,-1,0,0,-2,-2,-1,6,4,3.92
342985,2014-15,3,6,2015-16,-2,-2,26.0101,-1,0,0,-2,-2,-1,6,4,3.98
343170,2014-15,3,6,2015-16,-2,-2,43.0199,-1,0,0,-2,-2,-1,6,2.85,2.46
343258,2014-15,3,6,2015-16,-2,-2,51.3801,-1,0,0,-2,-2,-1,6,3.72,3.47
343282,2014-15,3,6,2015-16,-2,-2,51.0999,-1,0,0,-2,-2,-1,6,2,2.95
343393,2014-15,3,6,2015-16,-2,-2,40.0601,-1,0,0,-2,-2,-1,6,2.27,2.13
343449,2014-15,3,6,2015-16,0,0,52.0201,-1,0,0,-2,-2,-1,6,1,1.8
343480,2014-15,3,6,2015-16,-2,-2,51,-1,8,0,51,-2,-1,6,0,3.06
343615,2014-15,3,6,2015-16,-2,-2,43.0399,-1,0,0,-2,-2,-1,6,4,3.92
343617,2014-15,3,6,2015-16,-2,-2,26.0101,-1,0,0,-2,-2,-1,6,3.35,2.9
343625,2014-15,3,6,2015-16,-2,-2,51,-1,0,0,-2,-2,-1,6,3.7,3.33
343788,2014-15,3,6,2015-16,-2,-2,52.1401,-1,0,0,-2,-2,-1,6,0,3.16
343885,2014-15,3,6,2015-16,-2,-2,42.0101,-1,0,0,-2,-2,-1,6,3.3,2.55
344059,2014-15,3,6,2015-16,-2,-2,43.0203,-1,0,0,-2,-2,-1,6,2.15,3.48
344187,2014-15,3,6,2015-16,-1,-1,9.0101,-1,0,0,-2,-2,-1,6,4,2.78
344194,2014-15,3,6,2015-16,-2,-2,52.0301,-1,0,0,-2,-2,-1,6,4,3.2
344327,2014-15,3,6,2015-16,-2,-2,52.0201,-1,0,0,-2,-2,-1,6,3.7,3.55
344363,2014-15,3,6,2015-16,-2,-2,51,-1,8,0,51,-2,-1,6,0,3.69
341503,2015-16,1,6,2015-16,-2,-2,9.0101,-1,0,0,-2,-2,-1,6,4,3.94
348764,2015-16,1,6,2015-16,-2,-2,52.0801,-1,0,0,-2,-2,-1,6,4,4
270502,2015-16,1,6,2015-16,-2,-2,51.3801,-1,0,0,-2,-2,-1,6,3.7,3.61
346758,2015-16,1,6,2015-16,-2,-2,51,-1,0,0,-2,-2,-1,6,0,3.91
348415,2015-16,1,6,2015-16,-2,-2,45.1101,-1,0,0,-2,-2,-1,6,4,3.1
348160,2015-16,1,6,2015-16,-2,-2,42.0101,-1,0,0,-2,-2,-1,6,4,3.17
344816,2015-16,1,6,2015-16,-2,0,11.0101,-1,0,0,-2,-2,-1,6,2.8,3.88
302841,2015-16,1,6,2015-16,-2,-2,51.3899,-1,8,0,51.3899,-2,-1,6,3.58,3.71
348240,2015-16,1,6,2015-16,-2,-2,51.3899,-1,8,0,51.3899,-2,-1,6,3.77,3.69
340803,2015-16,1,6,2015-16,-2,-2,26.0101,-1,0,0,-2,-2,-1,6,3.17,2.55
282730,2015-16,1,6,2015-16,0,0,52.0201,-1,0,0,-2,-2,-1,6,4,2.64
343853,2015-16,1,6,2015-16,-2,-2,51.3801,-1,0,0,-2,-2,-1,6,4,3.82
348182,2015-16,1,6,2015-16,-2,-2,51.3899,-1,8,0,51.3899,-2,-1,6,3.9,3.88
268235,2015-16,1,6,2015-16,-2,-2,43.0199,-1,0,0,-2,-2,-1,6,2.7,2.26
348906,2015-16,1,6,2015-16,-2,-2,43.0199,-1,0,0,-2,-2,-1,6,2.7,2.58
81990,2015-16,1,6,2015-16,-2,-2,45.1101,-1,0,0,-2,-2,-1,6,4,3.96
344629,2015-16,1,6,2015-16,-2,-2,51.3801,-1,8,0,51.3801,-2,-1,6,3,3.96
331707,2015-16,1,6,2015-16,-2,-2,51.3801,-1,0,0,-2,-2,-1,6,4,3.94
346267,2015-16,1,6,2015-16,-2,-2,52.1401,-1,0,0,-2,-2,-1,6,4,3.96
345152,2015-16,1,6,2015-16,0,0,26.0101,-1,0,0,-2,-2,-1,6,2.68,2.78
348311,2015-16,1,6,2015-16,-2,-2,51.3899,-1,8,0,51.3899,-2,-1,6,4,3.88
343950,2015-16,1,6,2015-16,-2,-2,51.3801,-1,0,0,-2,-2,-1,6,3,3.83
346985,2015-16,1,6,2015-16,-2,-2,43.0203,-1,0,0,-2,-2,-1,6,4,3.82
249357,2015-16,1,6,2015-16,-2,-2,52.0301,-1,0,0,-2,-2,-1,6,4,4
348628,2015-16,1,6,2015-16,-2,-2,52.0201,-1,0,0,-2,-2,-1,6,3,3.87
347129,2015-16,1,6,2015-16,0,-2,52.0801,45.0601,0,0,-2,-2,-1,6,2.7,3.92
341207,2015-16,1,6,2015-16,-2,-2,52.0301,-1,0,0,-2,-2,-1,6,3.3,3.91
342383,2015-16,1,6,2015-16,-2,-2,52.0301,-1,0,0,-2,-2,-1,6,4,3.87
348260,2015-16,1,6,2015-16,-2,-2,43.0399,-1,0,0,-2,-2,-1,6,0,3.5
328753,2015-16,1,6,2015-16,-2,-2,52.0201,-1,0,0,-2,-2,-1,6,3,2.75
271984,2015-16,1,6,2015-16,-2,-2,51.3899,-1,8,0,51.3899,-2,-1,6,3.57,3.77
349082,2015-16,1,6,2015-16,-2,-2,51.3899,-1,8,0,51.3899,-2,-1,6,3.91,3.79
348232,2015-16,1,6,2015-16,-2,-2,51.3899,-1,8,0,51.3899,-2,-1,6,3.57,3.4
348438,2015-16,1,6,2015-16,-2,-2,43.0399,-1,0,0,-2,-2,-1,6,4,3.88
325175,2015-16,1,6,2015-16,-2,0,40.0501,-1,0,0,-2,-2,-1,6,3.7,3.27
311030,2015-16,1,6,2015-16,-2,-2,43.0399,-1,0,0,-2,-2,-1,6,4,3.66
348712,2015-16,1,6,2015-16,-2,-2,52.0201,-1,0,0,-2,-2,-1,6,3,3.4
70526,2015-16,1,6,2015-16,-2,-2,23.0101,-1,0,0,-2,-2,-1,6,4,2.32
343244,2015-16,1,6,2015-16,0,0,43.0199,-1,0,0,-2,-2,-1,6,1.7,2.3
345414,2015-16,1,6,2015-16,0,0,40.0801,-1,0,0,-2,-2,-1,6,0,2.18
329869,2015-16,1,6,2015-16,-2,-2,51.3801,-1,8,0,51.3801,-2,-1,6,3.3,3.6
348230,2015-16,1,6,2015-16,-2,-2,51.3899,-1,8,0,51.3899,-2,-1,6,3.7,3.81
344878,2015-16,1,6,2015-16,-2,-2,51.3801,-1,0,0,-2,-2,-1,6,4,4
348552,2015-16,1,6,2015-16,-2,-2,43.0199,-1,0,0,-2,-2,-1,6,3.7,3.58
348322,2015-16,1,6,2015-16,-2,-2,51.3899,-1,8,0,51.3899,-2,-1,6,4,3.97
319238,2015-16,1,6,2015-16,-2,-2,26.0101,-1,0,0,-2,-2,-1,6,1.7,0.9
348263,2015-16,1,6,2015-16,-2,-2,42.0101,-1,0,0,-2,-2,-1,6,4,3.51
268434,2015-16,1,6,2015-16,-1,-1,24.0102,-1,0,0,-2,-2,-1,6,3,3.11
328844,2015-16,1,6,2015-16,-2,-2,51.3801,-1,0,0,-2,-2,-1,6,4,3.68
326436,2015-16,1,6,2015-16,-2,-2,26.0101,-1,0,0,-2,-2,-1,6,4,3.82
343232,2015-16,1,6,2015-16,-2,0,52.0301,-1,0,0,-2,-2,-1,6,2,3.37
348800,2015-16,1,6,2015-16,-2,-2,51.3801,-1,0,0,-2,-2,-1,6,3.3,3.57
341952,2015-16,1,6,2015-16,-2,-2,51.3801,-1,0,0,-2,-2,-1,6,3.7,3.85
348307,2015-16,1,6,2015-16,-2,-2,51.3899,-1,8,0,51.3899,-2,-1,6,3.58,3.58
348276,2015-16,1,6,2015-16,-2,-2,51.3801,-1,0,0,-2,-2,-1,6,3.32,3.32
342598,2015-16,1,6,2015-16,-2,-2,43.0199,-1,0,0,-2,-2,-1,6,4,2.93
308820,2015-16,1,6,2015-16,-2,-2,52.0201,-1,0,0,-2,-2,-1,6,2.65,2.71
343295,2015-16,1,6,2015-16,0,0,27.0101,-1,0,0,-2,-2,-1,6,3.3,3.38
348245,2015-16,1,6,2015-16,-2,-2,51.3899,-1,8,0,51.3899,-2,-1,6,3.68,3.68
305613,2015-16,1,6,2015-16,-2,-2,45.1101,-1,7,0,45.1101,-2,-1,6,3.85,3.02
343610,2015-16,1,6,2015-16,-2,-2,51,-1,0,0,-2,-2,-1,6,4,3.33
296051,2015-16,1,6,2015-16,-2,-2,51,-1,0,0,-2,-2,-1,6,2.5,3.38
348310,2015-16,1,6,2015-16,-2,-2,51.3899,-1,8,0,51.3899,-2,-1,6,3.81,3.75
331544,2015-16,1,6,2015-16,-2,-2,51.3801,-1,0,0,-2,-2,-1,6,3.7,3.5
348261,2015-16,1,6,2015-16,-2,-2,51.0999,-1,0,0,-2,-2,-1,6,3.7,3.48
343969,2015-16,1,6,2015-16,-2,-2,43.0199,-1,0,0,-2,-2,-1,6,4,3.96
345580,2015-16,1,6,2015-16,-2,-2,51.0999,-1,0,0,-2,-2,-1,6,2.5,3.2
342373,2015-16,1,6,2015-16,0,1,50.0701,-1,0,0,-2,-2,-1,6,1,2.9
348305,2015-16,1,6,2015-16,-2,-2,51.3899,-1,8,0,51.3899,-2,-1,6,3.91,3.95
263902,2015-16,1,6,2015-16,-2,-2,52.0201,-1,0,0,-2,-2,-1,6,4,3.2
343792,2015-16,1,6,2015-16,-2,-2,26.0101,-1,0,0,-2,-2,-1,6,2.5,2.04
347643,2015-16,1,6,2015-16,-2,-2,43.0199,-1,0,0,-2,-2,-1,6,4,3.61
342226,2015-16,1,6,2015-16,0,0,45.1001,-1,0,0,-2,-2,-1,6,3,2.81
330608,2015-16,1,6,2015-16,-2,-2,26.0101,-1,0,0,-2,-2,-1,6,2,2.47
343351,2015-16,1,6,2015-16,0,0,11.0101,-1,0,0,-2,-2,-1,6,3.7,3.2
323033,2015-16,1,6,2015-16,-2,-2,52.0201,-1,0,0,-2,-2,-1,6,1.15,2.41
343292,2015-16,1,6,2015-16,-2,-2,43.0203,-1,0,0,-2,-2,-1,6,3.5,3.48
344754,2015-16,1,6,2015-16,-2,-2,51.3801,-1,0,0,-2,-2,-1,6,1.5,3.38
328200,2015-16,1,6,2015-16,-2,-2,51.3801,-1,0,0,-2,-2,-1,6,4,4
348358,2015-16,1,6,2015-16,-2,-2,43.0203,-1,0,0,-2,-2,-1,6,0,4
344055,2015-16,1,6,2015-16,-2,-2,51.3801,-1,0,0,-2,-2,-1,6,3.7,3.56
349100,2015-16,1,6,2015-16,-2,-2,52.0201,-1,0,0,-2,-2,-1,6,2.9,3.05
346695,2015-16,1,6,2015-16,-2,-2,52.0201,-1,0,0,-2,-2,-1,6,3.7,3.76
331816,2015-16,1,6,2015-16,-2,-2,11.0101,-1,0,0,-2,-2,-1,6,3.53,3.54
346824,2015-16,1,6,2015-16,-2,-2,52.0201,-1,0,0,-2,-2,-1,6,1,2.96
348804,2015-16,1,6,2015-16,-2,-2,43.0199,-1,0,0,-2,-2,-1,6,3.65,3.94
314871,2015-16,1,6,2015-16,-2,-2,52.1401,-1,0,0,-2,-2,-1,6,3.15,3.63
348325,2015-16,1,6,2015-16,-2,-2,51.3899,-1,8,0,51.3899,-2,-1,6,3.91,3.86
301905,2015-16,1,6,2015-16,-2,-2,42.0101,-1,0,0,-2,-2,-1,6,3,2.09
345836,2015-16,1,6,2015-16,-2,-2,52.0301,-1,0,0,-2,-2,-1,6,2,3.26
347868,2015-16,1,6,2015-16,-2,-2,51.0999,-1,0,0,-2,-2,-1,6,4,1.69
318480,2015-16,1,6,2015-16,-2,-2,52.0201,-1,0,0,-2,-2,-1,6,3.85,3.83
327072,2015-16,1,6,2015-16,-2,-2,16.0905,-1,0,0,-2,-2,-1,6,3.3,3.78
346879,2015-16,1,6,2015-16,-2,-2,52.0301,-1,0,0,-2,-2,-1,6,4,3.71
281165,2015-16,1,6,2015-16,-2,-2,52.0201,-1,0,0,-2,-2,-1,6,4,3.3
343971,2015-16,1,6,2015-16,-2,-2,51.3801,-1,0,0,-2,-2,-1,6,4,3.58
348000,2015-16,1,6,2015-16,-2,-2,51.3801,-1,8,0,51.3801,-2,-1,6,3.79,3.77
348242,2015-16,1,6,2015-16,-2,-2,51.3899,-1,8,0,51.3899,-2,-1,6,3.91,3.84
343896,2015-16,1,6,2015-16,0,0,11.0101,-1,0,0,-2,-2,-1,6,3,3.16
254978,2015-16,1,6,2015-16,-2,-2,42.0101,13.1209,0,0,-2,-2,-1,6,4,3.77
346512,2015-16,1,6,2015-16,-2,-2,43.0399,-1,0,0,-2,-2,-1,6,4,4
289405,2015-16,1,6,2015-16,-2,-2,42.0101,-1,0,0,-2,-2,-1,6,3,2.66
347797,2015-16,1,6,2015-16,-2,-2,51.3801,-1,0,0,-2,-2,-1,6,0,3.68
329912,2015-16,1,6,2015-16,0,-2,43.0203,-1,0,0,-2,-2,-1,6,4,3.55
346001,2015-16,1,6,2015-16,0,0,43.0199,-1,0,0,-2,-2,-1,6,2.7,2.02
342856,2015-16,1,6,2015-16,0,0,13.1202,-1,0,0,-2,-2,-1,6,2.15,2.9
342843,2015-16,1,6,2015-16,0,0,26.0101,-1,0,0,-2,-2,-1,6,2.3,3.36
309757,2015-16,1,6,2015-16,-2,-2,52.0801,-1,0,0,-2,-2,-1,6,3.5,2.78
347555,2015-16,1,6,2015-16,-2,-2,27.0101,13.1209,0,0,-2,-2,-1,6,4,4
317395,2015-16,1,6,2015-16,-2,-2,52.0201,-1,0,0,-2,-2,-1,6,2.7,3.5
247452,2015-16,1,6,2015-16,-2,-2,45.1101,-1,0,0,-2,-2,-1,6,4,2.32
315224,2015-16,1,6,2015-16,-2,-2,43.0203,-1,0,0,-2,-2,-1,6,4,4
346081,2015-16,1,6,2015-16,-2,-2,51.3801,-1,8,0,51.3801,-2,-1,6,3.79,3.65
347978,2015-16,1,6,2015-16,-2,-2,52.0801,45.0601,0,0,-2,-2,-1,6,3.7,2.98
283772,2015-16,1,6,2015-16,0,0,26.0101,-1,0,0,-2,-2,-1,6,0,2.2
344625,2015-16,1,6,2015-16,-2,-2,51.3801,-1,8,0,51.3801,-2,-1,6,3.7,3.72
331123,2015-16,1,6,2015-16,-2,-2,43.0399,-1,0,0,-2,-2,-1,6,3.65,3.86
347318,2015-16,1,6,2015-16,0,0,24.0102,-1,0,0,-2,-2,-1,6,4,2.87
306410,2015-16,1,6,2015-16,-2,-2,51,-1,0,0,-2,-2,-1,6,0,3.95
315517,2015-16,1,6,2015-16,-2,-2,51.3801,-1,0,0,-2,-2,-1,6,4,3.74
348320,2015-16,1,6,2015-16,-2,-2,51.3899,-1,8,0,51.3899,-2,-1,6,3.58,3.75
348228,2015-16,1,6,2015-16,-2,-2,51.3899,-1,8,0,51.3899,-2,-1,6,3.9,3.81
331691,2015-16,1,6,2015-16,-2,-2,51.3801,-1,0,0,-2,-2,-1,6,3.5,3
346228,2015-16,1,6,2015-16,-2,-2,43.0199,-1,0,0,-2,-2,-1,6,4,3.43
345371,2015-16,1,6,2015-16,0,-2,26.0101,-1,0,0,-2,-2,-1,6,2.7,1.11
342158,2015-16,1,6,2015-16,0,1,13.1209,-1,0,0,-2,-2,-1,6,3.7,3.78
343197,2015-16,1,6,2015-16,-2,0,50.0701,-1,0,0,-2,-2,-1,6,3.5,3.77
348597,2015-16,1,6,2015-16,-2,-2,52.0301,-1,0,0,-2,-2,-1,6,3,3.38
346716,2015-16,1,6,2015-16,-2,-2,52.0301,-1,0,0,-2,-2,-1,6,4,3.37
347542,2015-16,1,6,2015-16,-2,-2,52.0801,-1,0,0,-2,-2,-1,6,3.85,3.44
330097,2015-16,1,6,2015-16,-2,-2,51.3801,-1,0,0,-2,-2,-1,6,3.7,4
341910,2015-16,1,6,2015-16,-2,-2,52.0801,-1,0,0,-2,-2,-1,6,3,2.28
270651,2015-16,1,6,2015-16,-2,-2,45.1101,-1,0,0,-2,-2,-1,6,2.85,2.41
348772,2015-16,1,6,2015-16,-2,-2,43.0203,-1,0,0,-2,-2,-1,6,4,4
300145,2015-16,1,6,2015-16,-2,-2,42.0101,-1,0,0,-2,-2,-1,6,3,3.22
306582,2015-16,1,6,2015-16,-2,-2,42.0101,-1,0,0,-2,-2,-1,6,4,2.65
317905,2015-16,1,6,2015-16,-2,-2,52.0201,-1,0,0,-2,-2,-1,6,3,2.46
348166,2015-16,1,6,2015-16,-2,-2,43.0203,-1,0,0,-2,-2,-1,6,3.85,3.97
316095,2015-16,1,6,2015-16,-2,-2,51.3801,-1,0,0,-2,-2,-1,6,4,4
343468,2015-16,1,6,2015-16,0,0,52.0301,-1,0,0,-2,-2,-1,6,3.7,3.78
348739,2015-16,1,6,2015-16,-2,-2,42.0101,-1,0,0,-2,-2,-1,6,0.85,2.66
346922,2015-16,1,6,2015-16,0,-2,40.0501,-1,0,0,-2,-2,-1,6,2.7,3.81
346870,2015-16,1,6,2015-16,-2,-2,43.0199,-1,0,0,-2,-2,-1,6,2.3,2.22
346352,2015-16,1,6,2015-16,-2,-2,43.0199,-1,0,0,-2,-2,-1,6,4,2.64
348259,2015-16,1,6,2015-16,-2,-2,43.0199,-1,0,0,-2,-2,-1,6,3.7,2.67
348327,2015-16,1,6,2015-16,-2,-2,51.3899,-1,8,0,51.3899,-2,-1,6,3.81,3.74
73979,2015-16,1,6,2015-16,0,-2,43.0203,-1,0,0,-2,-2,-1,6,4,3.86
281395,2015-16,1,6,2015-16,-2,-2,45.1101,-1,0,0,-2,-2,-1,6,3,3.11
331763,2015-16,1,6,2015-16,-2,-2,51.3801,-1,0,0,-2,-2,-1,6,4,3.95
286825,2015-16,1,6,2015-16,-2,-2,16.0905,13.1202,0,0,-2,-2,-1,6,3.3,3.1
348231,2015-16,1,6,2015-16,-2,-2,51.3899,-1,8,0,51.3899,-2,-1,6,4,3.93
320226,2015-16,1,6,2015-16,-2,-2,42.0101,-1,0,0,-2,-2,-1,6,0.85,3.5
342554,2015-16,1,6,2015-16,0,0,52.0801,-1,0,0,-2,-2,-1,6,4,3.38
346992,2015-16,1,6,2015-16,0,0,52.0301,-1,0,0,-2,-2,-1,6,1.85,2.04
346600,2015-16,1,6,2015-16,0,-2,26.0101,-1,0,0,-2,-2,-1,6,4,3.81
344133,2015-16,1,6,2015-16,-2,-2,51.3801,-1,0,0,-2,-2,-1,6,4,4
341077,2015-16,1,6,2015-16,-2,-2,45.1101,-1,0,0,-2,-2,-1,6,4,3.87
347078,2015-16,1,6,2015-16,-2,-2,45.1101,-1,0,0,-2,-2,-1,6,2.7,3.42
313154,2015-16,1,6,2015-16,-2,-2,52.0301,52.0201,0,0,-2,-2,-1,6,4,3.85
348324,2015-16,1,6,2015-16,-2,-2,51.3899,-1,8,0,51.3899,-2,-1,6,3.77,3.71
267795,2015-16,1,6,2015-16,-2,-2,51.3801,-1,8,0,51.3801,-2,-1,6,3.7,3.3
346881,2015-16,1,6,2015-16,-2,-2,43.0399,-1,0,0,-2,-2,-1,6,4,4
346525,2015-16,1,6,2015-16,-2,-2,52.0201,-1,0,0,-2,-2,-1,6,3,3.75
342185,2015-16,1,6,2015-16,0,-2,43.0199,-1,0,0,-2,-2,-1,6,3,3.06
348805,2015-16,1,6,2015-16,-2,-2,50.0901,-1,0,0,-2,-2,-1,6,4,3.8
341475,2015-16,1,6,2015-16,0,-2,43.0203,-1,0,0,-2,-2,-1,6,4,3.91
348173,2015-16,1,6,2015-16,-2,-2,43.0199,-1,0,0,-2,-2,-1,6,4,4
331758,2015-16,1,6,2015-16,-2,-2,51.3801,-1,8,0,51.3801,-2,-1,6,4,3.73
316392,2015-16,1,6,2015-16,-2,-2,51.3801,-1,0,0,-2,-2,-1,6,3.01,3.42
283899,2015-16,1,6,2015-16,-2,-2,51.3899,-1,8,0,51.3899,-2,-1,6,3.7,3.78
347212,2015-16,1,6,2015-16,-2,-2,52.0801,-1,0,0,-2,-2,-1,6,3.7,4
349271,2015-16,1,6,2015-16,0,-2,24.0102,-1,0,0,-2,-2,-1,6,3.5,3.44
345970,2015-16,1,6,2015-16,-2,-2,43.0399,-1,0,0,-2,-2,-1,6,3.3,3.51
332416,2015-16,1,6,2015-16,0,0,13.1001,-1,0,0,-2,-2,-1,6,3.7,3.34
347577,2015-16,1,6,2015-16,-2,-2,51.3801,-1,0,0,-2,-2,-1,6,3.7,3.57
331051,2015-16,1,6,2015-16,-2,-2,52.0301,-1,0,0,-2,-2,-1,6,3.7,3.46
348299,2015-16,1,6,2015-16,-2,-2,51.3899,-1,8,0,51.3899,-2,-1,6,3.68,3.81
311215,2015-16,1,6,2015-16,-2,-2,51.3801,-1,0,0,-2,-2,-1,6,4,3.91
330006,2015-16,1,6,2015-16,-2,-2,26.0101,-1,0,0,-2,-2,-1,6,0,3.11
348725,2015-16,1,6,2015-16,-2,-2,51.3801,-1,0,0,-2,-2,-1,6,4,3.52
325125,2015-16,1,6,2015-16,-2,-2,51.3899,-1,8,0,51.3899,-2,-1,6,3.68,3.7
347575,2015-16,1,6,2015-16,-2,-2,43.0399,-1,0,0,-2,-2,-1,6,3.7,2.9
347117,2015-16,1,6,2015-16,-2,-2,52.0301,-1,0,0,-2,-2,-1,6,3.3,3.47
345778,2015-16,1,6,2015-16,0,-2,24.0102,-1,0,0,-2,-2,-1,6,0,2.32
342750,2015-16,1,6,2015-16,-2,0,40.0801,-1,0,0,-2,-2,-1,6,2.3,2.44
340056,2015-16,1,6,2015-16,-2,-2,26.0101,-1,0,0,-2,-2,-1,6,2,1.62
348465,2015-16,1,6,2015-16,-2,-2,26.0101,-1,0,0,-2,-2,-1,6,3.3,3.46
342585,2015-16,1,6,2015-16,0,0,40.0801,-1,0,0,-2,-2,-1,6,3.7,3.28
326765,2015-16,1,6,2015-16,-2,-2,51.3899,-1,8,0,51.3899,-2,-1,6,3.57,3.53
348537,2015-16,1,6,2015-16,-2,-2,52.0201,-1,8,0,52.0201,-2,-1,6,3.3,3.18
348828,2015-16,1,6,2015-16,-2,-2,51.3801,-1,0,0,-2,-2,-1,6,3.7,3.94
344855,2015-16,1,6,2015-16,-2,-2,45.1101,-1,0,0,-2,-2,-1,6,4,2.94
347076,2015-16,1,6,2015-16,-2,-2,16.0905,-1,0,0,-2,-2,-1,6,4,3.28
269794,2015-16,1,6,2015-16,-2,-2,43.0399,-1,0,0,-2,-2,-1,6,3.3,3.62
330297,2015-16,1,6,2015-16,-2,-2,43.0199,-1,0,0,-2,-2,-1,6,2,1.42
347013,2015-16,1,6,2015-16,-2,-2,43.0399,-1,0,0,-2,-2,-1,6,3,3.14
348651,2015-16,1,6,2015-16,-2,-2,52.0201,-1,0,0,-2,-2,-1,6,4,3.81
347584,2015-16,1,6,2015-16,-2,-2,52.0801,-1,0,0,-2,-2,-1,6,3.7,3.07
344386,2015-16,1,6,2015-16,0,0,52.0201,-1,0,0,-2,-2,-1,6,2.3,2.78
347977,2015-16,1,6,2015-16,-2,-2,51.3801,-1,0,0,-2,-2,-1,6,3.7,2.67
308395,2015-16,1,6,2015-16,-2,-2,26.0101,-1,0,0,-2,-2,-1,6,3,2.45
343098,2015-16,1,6,2015-16,-2,-2,51.3801,-1,0,0,-2,-2,-1,6,2.7,3.6
348226,2015-16,1,6,2015-16,-2,-2,51.3899,-1,8,0,51.3899,-2,-1,6,3.86,3.65
331285,2015-16,1,6,2015-16,-2,-2,52.0301,-1,0,0,-2,-2,-1,6,3.5,3.96
316080,2015-16,1,6,2015-16,-2,-2,51.3801,-1,0,0,-2,-2,-1,6,4,3.74
346691,2015-16,1,6,2015-16,-2,-2,51.3801,-1,0,0,-2,-2,-1,6,4,4
346304,2015-16,1,6,2015-16,-2,-2,42.0101,-1,0,0,-2,-2,-1,6,2.5,1.32
348341,2015-16,1,6,2015-16,-2,-2,51.3899,-1,8,0,51.3899,-2,-1,6,3.58,3.73
329381,2015-16,1,6,2015-16,-2,-2,23.0101,-1,0,0,-2,-2,-1,6,0,3.55
341549,2015-16,1,6,2015-16,0,-2,52.0201,-1,0,0,-2,-2,-1,6,2.7,3.08
348243,2015-16,1,6,2015-16,-2,-2,51.3899,-1,8,0,51.3899,-2,-1,6,3.9,3.97
348239,2015-16,1,6,2015-16,-2,-2,51.3899,-1,8,0,51.3899,-2,-1,6,3.37,3.49
316297,2015-16,1,6,2015-16,-2,-2,51.3801,-1,0,0,-2,-2,-1,6,4,4
298799,2015-16,1,6,2015-16,0,0,13.1209,-1,0,0,-2,-2,-1,6,3.85,1.85
348412,2015-16,1,6,2015-16,-2,-2,43.0399,-1,8,0,43.0399,-2,-1,6,4,3.71
306929,2015-16,1,6,2015-16,-2,-2,45.1101,-1,0,0,-2,-2,-1,6,4,3.35
344475,2015-16,1,6,2015-16,-2,-2,52.1401,-1,0,0,-2,-2,-1,6,1,3.53
330315,2015-16,1,6,2015-16,-2,-2,52.0301,-1,0,0,-2,-2,-1,6,2.3,2.46
343193,2015-16,1,6,2015-16,0,-2,40.0801,-1,0,0,-2,-2,-1,6,4,3.3
323950,2015-16,1,6,2015-16,-2,-2,43.0199,-1,0,0,-2,-2,-1,6,3,2
346837,2015-16,1,6,2015-16,0,1,43.0199,-1,0,0,-2,-2,-1,6,2.7,3.06
343871,2015-16,1,6,2015-16,-2,-2,51.3801,-1,8,0,51.3801,-2,-1,6,4,3.78
346898,2015-16,1,6,2015-16,-2,-2,51.3801,-1,8,0,51.3801,-2,-1,6,4,3.78
286617,2015-16,1,6,2015-16,-2,-2,27.0101,-1,0,0,-2,-2,-1,6,2,3.73
347261,2015-16,1,6,2015-16,-2,-2,43.0203,-1,0,0,-2,-2,-1,6,4,3.94
331548,2015-16,1,6,2015-16,-2,-2,43.0399,-1,0,0,-2,-2,-1,6,4,3.37
346696,2015-16,1,6,2015-16,-2,-2,43.0399,-1,0,0,-2,-2,-1,6,2.7,3.6
329331,2015-16,1,6,2015-16,-2,-2,26.0101,42.0101,0,0,-2,-2,-1,6,2,3.28
342780,2015-16,1,6,2015-16,0,-2,11.0101,-1,0,0,-2,-2,-1,6,2,2.39
343157,2015-16,1,6,2015-16,0,-2,26.0101,-1,0,0,-2,-2,-1,6,2.35,3.32
347196,2015-16,1,6,2015-16,0,-2,27.0101,-1,0,0,-2,-2,-1,6,3.3,2.96
343890,2015-16,1,6,2015-16,0,0,52.0201,-1,0,0,-2,-2,-1,6,1,1.6
343150,2015-16,1,6,2015-16,0,0,50.0901,-1,0,0,-2,-2,-1,6,0,1
347003,2015-16,1,6,2015-16,0,0,43.0199,-1,0,0,-2,-2,-1,6,0,2.21
348732,2015-16,1,6,2015-16,-2,-2,26.0101,-1,0,0,-2,-2,-1,6,0,2.19
340108,2015-16,1,6,2015-16,-2,-2,51.3801,-1,8,0,51.3801,-2,-1,6,3.3,3.76
349420,2015-16,1,6,2015-16,-2,-2,51,-1,0,0,-2,-2,-1,6,0,3.3
348273,2015-16,1,6,2015-16,-2,-2,45.1101,13.1209,0,0,-2,-2,-1,6,3.3,3.24
347886,2015-16,1,6,2015-16,-2,-2,51.3801,-1,8,0,51.3801,-2,-1,6,3.79,3.67
348323,2015-16,1,6,2015-16,-2,-2,51.3899,-1,8,0,51.3899,-2,-1,6,4,3.9
322941,2015-16,1,6,2015-16,0,-2,40.0501,-1,0,0,-2,-2,-1,6,3.7,2.31
276641,2015-16,1,6,2015-16,0,0,42.0101,13.1209,0,0,-2,-2,-1,6,4,3.33
314152,2015-16,1,6,2015-16,-1,-1,24.0102,-1,0,0,-2,-2,-1,6,4,3.26
348568,2015-16,1,6,2015-16,-2,-2,26.0101,42.0101,0,0,-2,-2,-1,6,3.65,2.83
348326,2015-16,1,6,2015-16,-2,-2,51.3899,-1,8,0,51.3899,-2,-1,6,3.48,3.64
346258,2015-16,1,6,2015-16,-2,-2,51.3801,-1,8,0,51.3801,-2,-1,6,3.79,3.81
306307,2015-16,1,6,2015-16,-2,-2,43.0199,-1,0,0,-2,-2,-1,6,3,3.12
347317,2015-16,1,6,2015-16,-2,-2,51.3801,-1,8,0,51.3801,-2,-1,6,4,3.88
323743,2015-16,1,6,2015-16,-2,-2,51.3801,-1,0,0,-2,-2,-1,6,0,2.33
347103,2015-16,1,6,2015-16,-2,-2,40.0601,-1,0,0,-2,-2,-1,6,3.7,3.43
268651,2015-16,1,6,2015-16,-2,-2,52.1401,-1,0,0,-2,-2,-1,6,4,3.55
346504,2015-16,1,6,2015-16,-2,-2,51.3801,-1,8,0,51.3801,-2,-1,6,4,3.87
346882,2015-16,1,6,2015-16,-2,-2,51.0999,-1,0,0,-2,-2,-1,6,2,2.62
346111,2015-16,1,6,2015-16,-2,-2,43.0203,-1,0,0,-2,-2,-1,6,3.85,3.74
343661,2015-16,1,6,2015-16,-2,-2,43.0203,-1,0,0,-2,-2,-1,6,4,3.87
347650,2015-16,1,6,2015-16,-2,-2,43.0199,-1,0,0,-2,-2,-1,6,3.15,3.52
341973,2015-16,1,6,2015-16,0,0,42.0101,-1,0,0,-2,-2,-1,6,3,3.56
347571,2015-16,1,6,2015-16,-2,-2,42.0101,-1,0,0,-2,-2,-1,6,3.7,3.44
344466,2015-16,1,6,2015-16,0,-2,27.0101,-1,0,0,-2,-2,-1,6,1.57,2.8
348345,2015-16,1,6,2015-16,-2,-2,50.0701,-1,0,0,-2,-2,-1,6,4,3.93
346887,2015-16,1,6,2015-16,-2,-2,27.0101,13.1202,0,0,-2,-2,-1,6,2.7,3.4
348570,2015-16,1,6,2015-16,-2,-2,26.0101,42.0101,0,0,-2,-2,-1,6,3.85,2.95
340298,2015-16,1,6,2015-16,0,0,16.0101,-1,0,0,-2,-2,-1,6,3,3.36
345927,2015-16,1,6,2015-16,-2,-2,26.0101,-1,0,0,-2,-2,-1,6,0,1.05
345832,2015-16,1,6,2015-16,-2,-2,52.0201,-1,0,0,-2,-2,-1,6,2,3.67
347679,2015-16,1,6,2015-16,0,-2,50.0901,-1,0,0,-2,-2,-1,6,4,3.87
340549,2015-16,1,6,2015-16,-2,-2,52.0801,-1,0,0,-2,-2,-1,6,2,2.72
347248,2015-16,1,6,2015-16,-2,-2,50.0701,-1,0,0,-2,-2,-1,6,4,3.85
343110,2015-16,1,6,2015-16,-2,-2,43.0399,-1,0,0,-2,-2,-1,6,4,3.75
344302,2015-16,1,6,2015-16,0,1,24.0102,-1,0,0,-2,-2,-1,6,3,2.68
346098,2015-16,1,6,2015-16,-2,-2,50.0901,-1,0,0,-2,-2,-1,6,4,3.96
344191,2015-16,1,6,2015-16,-2,-2,52.0201,-1,8,0,52.0201,-2,-1,6,4,3.54
343173,2015-16,1,6,2015-16,0,-2,26.0101,-1,0,0,-2,-2,-1,6,4,4
348184,2015-16,1,6,2015-16,-2,-2,51.3899,-1,8,0,51.3899,-2,-1,6,3.6,3.72
347171,2015-16,1,6,2015-16,-2,-2,43.0399,-1,8,0,43.0399,-2,-1,6,3,3.91
331325,2015-16,1,6,2015-16,-2,0,52.0301,-1,0,0,-2,-2,-1,6,2.3,3.13
347979,2015-16,1,6,2015-16,-2,-2,51.3801,-1,0,0,-2,-2,-1,6,3.81,3.34
348238,2015-16,1,6,2015-16,-2,-2,51.3899,-1,8,0,51.3899,-2,-1,6,3.71,3.83
328234,2015-16,1,6,2015-16,-2,-2,51.3801,-1,0,0,-2,-2,-1,6,3.3,3.49
347285,2015-16,1,6,2015-16,-2,-2,52.0201,-1,0,0,-2,-2,-1,6,3.65,3.37
313201,2015-16,1,6,2015-16,-2,-2,26.0101,26.0101,0,0,-2,-2,-1,6,4,3.95
348227,2015-16,1,6,2015-16,-2,-2,51.3899,-1,8,0,51.3899,-2,-1,6,3.91,3.95
348318,2015-16,1,6,2015-16,-2,-2,51.3899,-1,8,0,51.3899,-2,-1,6,4,3.95
322779,2015-16,1,6,2015-16,-2,-2,52.0201,-1,0,0,-2,-2,-1,6,4,3.64
347090,2015-16,1,6,2015-16,-2,-2,26.0101,-1,0,0,-2,-2,-1,6,4,3.42
347641,2015-16,1,6,2015-16,-2,-2,52.0201,-1,0,0,-2,-2,-1,6,2.7,2.67
341838,2015-16,1,6,2015-16,-1,-1,50.0701,-1,0,0,-2,-2,-1,6,3.35,4
342427,2015-16,1,6,2015-16,-2,-2,42.0101,-1,0,0,-2,-2,-1,6,1.5,2.45
349180,2015-16,1,6,2015-16,-2,-2,50.0901,-1,0,0,-2,-2,-1,6,3.3,3.88
348853,2015-16,1,6,2015-16,-2,-2,51.3801,-1,0,0,-2,-2,-1,6,4,4
328535,2015-16,1,6,2015-16,-2,-2,52.1401,-1,0,0,-2,-2,-1,6,4,3.85
347368,2015-16,1,6,2015-16,0,0,43.0199,-1,0,0,-2,-2,-1,6,2.7,3.26
346903,2015-16,1,6,2015-16,-2,-2,52.0201,-1,0,0,-2,-2,-1,6,0,2.67
346506,2015-16,1,6,2015-16,-2,-2,43.0199,-1,0,0,-2,-2,-1,6,4,2.96
347899,2015-16,1,6,2015-16,-2,-2,51,-1,0,0,-2,-2,-1,6,4,4
348244,2015-16,1,6,2015-16,-2,-2,51.3899,-1,8,0,51.3899,-2,-1,6,3.58,3.62
349106,2015-16,1,6,2015-16,-2,-2,51.3801,-1,0,0,-2,-2,-1,6,4,3.82
348678,2015-16,1,6,2015-16,-2,-2,51.3801,-1,0,0,-2,-2,-1,6,4,4
310149,2015-16,1,6,2015-16,-2,-2,51.3801,-1,0,0,-2,-2,-1,6,2.7,3.57
310087,2015-16,1,6,2015-16,-2,-2,51.0999,-1,0,0,-2,-2,-1,6,2.76,2.87
344064,2015-16,1,6,2015-16,-2,-2,52.0301,-1,0,0,-2,-2,-1,6,4,3.19
331535,2015-16,1,6,2015-16,-2,-2,51.3801,-1,0,0,-2,-2,-1,6,3.5,3.8
345842,2015-16,1,6,2015-16,-2,-2,51.3801,-1,0,0,-2,-2,-1,6,2.7,3.95
348237,2015-16,1,6,2015-16,-2,-2,51.3899,-1,8,0,51.3899,-2,-1,6,3.57,3.61
348668,2015-16,1,6,2015-16,-2,-2,42.0101,-1,0,0,-2,-2,-1,6,4,3.27
347246,2015-16,1,6,2015-16,-2,-2,26.0101,-1,0,0,-2,-2,-1,6,2,3.82
331411,2015-16,1,6,2015-16,-2,-2,51.3899,-1,8,0,51.3899,-2,-1,6,3.57,3.58
346687,2015-16,1,6,2015-16,0,-2,40.0501,-1,0,0,-2,-2,-1,6,4,3.55
342500,2015-16,1,6,2015-16,0,0,26.0101,-1,0,0,-2,-2,-1,6,4,2.93
347172,2015-16,1,6,2015-16,-2,-2,51.0706,-1,0,0,-2,-2,-1,6,4,3.6
311197,2015-16,1,6,2015-16,0,0,16.0905,13.1209,0,0,-2,-2,-1,6,3.7,3.55
295270,2015-16,1,6,2015-16,0,0,45.1101,-1,0,0,-2,-2,-1,6,3.7,3.37
330015,2015-16,1,6,2015-16,0,0,-1,-1,0,0,-2,-2,-1,6,4,2.92
347669,2015-16,1,6,2015-16,-2,-2,26.0101,-1,0,0,-2,-2,-1,6,3.43,3.47
342605,2015-16,1,6,2015-16,-2,-2,43.0399,-1,0,0,-2,-2,-1,6,4,4
346510,2015-16,1,6,2015-16,-2,-2,45.0601,-1,0,0,-2,-2,-1,6,0,3.23
343946,2015-16,1,6,2015-16,-2,-2,51.3801,-1,0,0,-2,-2,-1,6,3.3,3.61
342568,2015-16,1,6,2015-16,-2,-2,43.0399,-1,0,0,-2,-2,-1,6,4,3.61
346315,2015-16,1,6,2015-16,-2,-2,52.0201,52.1401,0,0,-2,-2,-1,6,3,2.78
346469,2015-16,1,6,2015-16,-2,-2,43.0399,-1,0,0,-2,-2,-1,6,3,3.63
346560,2015-16,1,6,2015-16,-2,-2,51.0999,-1,0,0,-2,-2,-1,6,3.83,3.69
347133,2015-16,1,6,2015-16,-2,-2,52.0801,-1,0,0,-2,-2,-1,6,2.7,2.83
347712,2015-16,1,6,2015-16,-2,-2,52.0201,-1,0,0,-2,-2,-1,6,1,2.58
347859,2015-16,1,6,2015-16,-2,-2,51.3801,-1,0,0,-2,-2,-1,6,3.7,3.92
347920,2015-16,1,6,2015-16,-2,-2,52.0201,-1,0,0,-2,-2,-1,6,4,2.21
348198,2015-16,1,6,2015-16,-2,-2,52.0201,-1,0,0,-2,-2,-1,6,3.65,3.03
348428,2015-16,1,6,2015-16,-2,-2,52.0201,-1,0,0,-2,-2,-1,6,2.3,1.74
278024,2015-16,1,6,2015-16,-2,-2,43.0199,-1,0,0,-2,-2,-1,6,1,3.46
342827,2015-16,1,6,2015-16,0,-2,54.0101,-1,0,0,-2,-2,-1,6,3.3,3.75
343623,2015-16,1,6,2015-16,-2,-2,45.1101,-1,0,0,-2,-2,-1,6,3.85,3.53
344249,2015-16,1,6,2015-16,0,0,27.0101,-1,0,0,-2,-2,-1,6,3.3,2.18
345084,2015-16,1,6,2015-16,-2,-2,42.0101,13.1209,0,0,-2,-2,-1,6,4,3.58
345196,2015-16,1,6,2015-16,-2,-2,52.0201,-1,0,0,-2,-2,-1,6,4,3.55
345675,2015-16,1,6,2015-16,-2,-2,52.1401,-1,0,0,-2,-2,-1,6,3.7,3.08
345646,2015-16,1,6,2015-16,-2,-2,52.0301,-1,0,0,-2,-2,-1,6,3.15,3.55
345802,2015-16,1,6,2015-16,-2,-2,11.0101,-1,0,0,-2,-2,-1,6,2.65,3.59
345941,2015-16,1,6,2015-16,-2,-2,52.0201,-1,0,0,-2,-2,-1,6,4,3.74
67421,2015-16,3,6,2015-16,-2,-2,52.0201,-1,0,0,-2,-2,-1,6,4,3.92
264718,2015-16,3,6,2015-16,-2,-2,51.3801,-1,0,0,-2,-2,-1,6,3.3,3.32
269005,2015-16,3,6,2015-16,-2,-2,51.3801,-1,0,0,-2,-2,-1,6,4,3.85
276284,2015-16,3,6,2015-16,0,0,45.0601,-1,0,0,-2,-2,-1,6,3.3,3.58
279128,2015-16,3,6,2015-16,-2,-2,52.0301,-1,0,0,-2,-2,-1,6,3,3.52
282658,2015-16,3,6,2015-16,-2,-2,51.3801,-1,0,0,-2,-2,-1,6,3.7,3.85
288644,2015-16,3,6,2015-16,0,0,43.0199,-1,0,0,-2,-2,-1,6,3.5,3.57
298327,2015-16,3,6,2015-16,-2,-2,52.0801,-1,0,0,-2,-2,-1,6,0,3.35
305449,2015-16,3,6,2015-16,0,-2,45.1001,-1,0,0,-2,-2,-1,6,4,3.06
310127,2015-16,3,6,2015-16,-2,-2,43.0199,-1,0,0,-2,-2,-1,6,4,3.76
311862,2015-16,3,6,2015-16,-2,-2,51.3801,-1,0,0,-2,-2,-1,6,4,4
316242,2015-16,3,6,2015-16,-2,-2,51.3801,-1,0,0,-2,-2,-1,6,4,4
316654,2015-16,3,6,2015-16,0,0,52.0201,-1,0,0,-2,-2,-1,6,3.5,3.74
317498,2015-16,3,6,2015-16,-2,-2,26.0101,-1,0,0,-2,-2,-1,6,2,2.9
320110,2015-16,3,6,2015-16,-2,-2,43.0199,-1,0,0,-2,-2,-1,6,4,3
320617,2015-16,3,6,2015-16,0,0,40.0801,-1,0,0,-2,-2,-1,6,3.7,3.5
322621,2015-16,3,6,2015-16,-1,-1,26.0101,-1,0,0,-2,-2,-1,6,2.5,2.89
323433,2015-16,3,6,2015-16,-2,-2,42.0101,-1,0,0,-2,-2,-1,6,2.85,2.76
327085,2015-16,3,6,2015-16,1,0,13.1209,-1,0,0,-2,-2,-1,6,4,3.14
331696,2015-16,3,6,2015-16,-2,-2,51.3801,-1,0,0,-2,-2,-1,6,4,4
331740,2015-16,3,6,2015-16,-2,-2,51.3801,-1,0,0,-2,-2,-1,6,3.7,3.33
331760,2015-16,3,6,2015-16,-2,-2,51.3801,-1,0,0,-2,-2,-1,6,3.5,3.54
342384,2015-16,3,6,2015-16,-2,-2,26.0101,-1,0,0,-2,-2,-1,6,3.7,4
343953,2015-16,3,6,2015-16,-2,-2,51.3801,-1,0,0,-2,-2,-1,6,4,4
345617,2015-16,3,6,2015-16,-2,-2,52.0801,-1,0,0,-2,-2,-1,6,3.35,3.14
345644,2015-16,3,6,2015-16,-2,-2,52.0301,-1,0,0,-2,-2,-1,6,3.7,3.45
346290,2015-16,3,6,2015-16,-2,-2,43.0399,-1,0,0,-2,-2,-1,6,4,4
346531,2015-16,3,6,2015-16,0,-2,52.0201,-1,0,0,-2,-2,-1,6,4,3.76
346564,2015-16,3,6,2015-16,-2,-2,51.3801,-1,0,0,-2,-2,-1,6,4,4
346703,2015-16,3,6,2015-16,-2,-2,51.3801,-1,0,0,-2,-2,-1,6,3.35,2.75
346719,2015-16,3,6,2015-16,-2,-2,42.0101,-1,0,0,-2,-2,-1,6,4,3.17
346834,2015-16,3,6,2015-16,-2,-2,51.3801,-1,0,0,-2,-2,-1,6,3.7,3.82
347256,2015-16,3,6,2015-16,-2,-2,52.1401,-1,0,0,-2,-2,-1,6,3.7,3.92
347711,2015-16,3,6,2015-16,-2,-2,51.3801,-1,0,0,-2,-2,-1,6,4,4
347771,2015-16,3,6,2015-16,-2,-2,23.0101,-1,0,0,-2,-2,-1,6,3,2.4
347812,2015-16,3,6,2015-16,-2,-2,51,-1,0,0,-2,-2,-1,6,1.6,3.26
347856,2015-16,3,6,2015-16,-2,-2,51.3801,-1,0,0,-2,-2,-1,6,2.2,3.1
347997,2015-16,3,6,2015-16,-2,-2,13.1202,-1,0,0,-2,-2,-1,6,3,3.1
348076,2015-16,3,6,2015-16,-2,-2,51.3801,-1,0,0,-2,-2,-1,6,1.7,4
348109,2015-16,3,6,2015-16,-2,-2,51.3801,-1,0,0,-2,-2,-1,6,3.3,3.82
348663,2015-16,3,6,2015-16,-2,-2,13.1001,-1,0,0,-2,-2,-1,6,3.2,3.5
348768,2015-16,3,6,2015-16,-2,-2,51,-1,0,0,-2,-2,-1,6,4,3.7
348789,2015-16,3,6,2015-16,-2,-2,52.0201,-1,0,0,-2,-2,-1,6,3.35,3.15
348806,2015-16,3,6,2015-16,-2,-2,50.0701,-1,0,0,-2,-2,-1,6,4,3.1
349059,2015-16,3,6,2015-16,-2,-2,43.0199,-1,0,0,-2,-2,-1,6,4,3.17
349095,2015-16,3,6,2015-16,-2,-2,51.3801,-1,0,0,-2,-2,-1,6,4,4
349098,2015-16,3,6,2015-16,-2,-2,51.3801,-1,0,0,-2,-2,-1,6,4,4
349203,2015-16,3,6,2015-16,-2,-2,51.3801,-1,0,0,-2,-2,-1,6,4,4
349258,2015-16,3,6,2015-16,-2,-2,52.0801,-1,0,0,-2,-2,-1,6,3.7,3.75
349261,2015-16,3,6,2015-16,-2,-2,45.1101,-1,0,0,-2,-2,-1,6,3.35,2.71
349356,2015-16,3,6,2015-16,-2,-2,40.0801,-1,0,0,-2,-2,-1,6,3.7,3.93
349357,2015-16,3,6,2015-16,0,0,9.0101,-1,0,0,-2,-2,-1,6,0,3.32
349363,2015-16,3,6,2015-16,-2,-2,43.0399,-1,0,0,-2,-2,-1,6,4,3.65
349376,2015-16,3,6,2015-16,-2,-2,51.3801,-1,0,0,-2,-2,-1,6,4,3.15
349448,2015-16,3,6,2015-16,-2,-2,52.0301,-1,0,0,-2,-2,-1,6,2,3.35
349511,2015-16,3,6,2015-16,-2,-2,26.0101,-1,0,0,-2,-2,-1,6,4,4
349515,2015-16,3,6,2015-16,-2,-2,51.3801,-1,0,0,-2,-2,-1,6,3.7,3.62
349579,2015-16,3,6,2015-16,-2,-2,26.0101,-1,0,0,-2,-2,-1,6,4,4
349584,2015-16,3,6,2015-16,-2,-2,51.3801,-1,0,0,-2,-2,-1,6,3.7,4
349642,2015-16,3,6,2015-16,-2,-2,43.0203,-1,0,0,-2,-2,-1,6,3.3,3.61
349747,2015-16,3,6,2015-16,-2,-2,13.1209,-1,0,0,-2,-2,-1,6,2.7,1.96
349811,2015-16,3,6,2015-16,-2,-2,52.0301,-1,0,0,-2,-2,-1,6,4,3.4
349814,2015-16,3,6,2015-16,-2,-2,42.0101,13.1209,0,0,-2,-2,-1,6,4,4
349918,2015-16,3,6,2015-16,-2,-2,52.0801,-1,0,0,-2,-2,-1,6,2.7,2.83
349925,2015-16,3,6,2015-16,-2,-2,52.0301,-1,0,0,-2,-2,-1,6,4,4
349943,2015-16,3,6,2015-16,-2,-2,52.0301,-1,0,0,-2,-2,-1,6,3.85,3.85
349947,2015-16,3,6,2015-16,-2,-2,43.0203,-1,0,0,-2,-2,-1,6,4,3.42
349966,2015-16,3,6,2015-16,-2,-2,52.0301,-1,0,0,-2,-2,-1,6,3,3.4
350018,2015-16,3,6,2015-16,0,0,52.0201,-1,0,0,-2,-2,-1,6,1,0.63
350049,2015-16,3,6,2015-16,-2,-2,11.0101,-1,0,0,-2,-2,-1,6,4,3.08
350051,2015-16,3,6,2015-16,-2,-2,40.0501,-1,0,0,-2,-2,-1,6,0,0
350066,2015-16,3,6,2015-16,-2,-2,43.0399,-1,0,0,-2,-2,-1,6,4,3.88
350103,2015-16,3,6,2015-16,-2,-2,51.3801,-1,0,0,-2,-2,-1,6,3.5,3.07
350113,2015-16,3,6,2015-16,-2,-2,43.0199,-1,0,0,-2,-2,-1,6,4,3.85
350123,2015-16,3,6,2015-16,-2,-2,13.1209,-1,0,0,-2,-2,-1,6,3.7,3.75
350126,2015-16,3,6,2015-16,-2,-2,26.0101,-1,0,0,-2,-2,-1,6,0,3.7
350127,2015-16,3,6,2015-16,-2,-2,45.1101,-1,0,0,-2,-2,-1,6,3.65,3.8
350163,2015-16,3,6,2015-16,-2,-2,52.1401,-1,0,0,-2,-2,-1,6,4,3.94
350208,2015-16,3,6,2015-16,-2,-2,52.0201,-1,0,0,-2,-2,-1,6,4,3.86
350222,2015-16,3,6,2015-16,0,-2,52.0201,-1,0,0,-2,-2,-1,6,2.7,3.07
350238,2015-16,3,6,2015-16,-2,-2,51.3801,-1,0,0,-2,-2,-1,6,4,4
350308,2015-16,3,6,2015-16,-2,-2,43.0203,-1,0,0,-2,-2,-1,6,3.2,3.74
350346,2015-16,3,6,2015-16,-2,-2,51.0999,-1,0,0,-2,-2,-1,6,3.6,3.42
350381,2015-16,3,6,2015-16,0,-2,26.0101,-1,0,0,-2,-2,-1,6,3.7,4
350552,2015-16,3,6,2015-16,-2,-2,52.0201,-1,0,0,-2,-2,-1,6,0,2.67
350635,2015-16,3,6,2015-16,-2,-2,51.3801,-1,0,0,-2,-2,-1,6,4,4
350645,2015-16,3,6,2015-16,-2,-2,16.0905,-1,0,0,-2,-2,-1,6,0,0
350670,2015-16,3,6,2015-16,-2,-2,52.0201,-1,0,0,-2,-2,-1,6,4,3.17
350687,2015-16,3,6,2015-16,-2,-2,13.1209,-1,0,0,-2,-2,-1,6,4,3.5
350788,2015-16,3,6,2015-16,-2,-2,43.0399,-1,0,0,-2,-2,-1,6,2.85,3.42
350808,2015-16,3,6,2015-16,-2,-2,51.3801,-1,0,0,-2,-2,-1,6,4,3
350812,2015-16,3,6,2015-16,-2,-2,43.0399,-1,0,0,-2,-2,-1,6,4,3.8
350933,2015-16,3,6,2015-16,-2,-2,51.3801,-1,0,0,-2,-2,-1,6,4,4
351036,2015-16,3,6,2015-16,-2,-2,42.0101,-1,0,0,-2,-2,-1,6,4,3.93
351048,2015-16,3,6,2015-16,-2,-2,51.3801,-1,0,0,-2,-2,-1,6,3.3,3.9
351050,2015-16,3,6,2015-16,-2,-2,51.3801,-1,0,0,-2,-2,-1,6,3.35,3.56
351070,2015-16,3,6,2015-16,-2,-2,43.0203,-1,0,0,-2,-2,-1,6,3.85,4
351772,2015-16,3,6,2015-16,-2,-2,42.0101,-1,0,0,-2,-2,-1,6,4,4
352000,2015-16,3,6,2015-16,-2,-2,52.0201,-1,0,0,-2,-2,-1,6,3.7,3.94
352295,2015-16,3,6,2015-16,-2,-2,43.0199,-1,0,0,-2,-2,-1,6,4,3.88
352303,2015-16,3,6,2015-16,-2,-2,52.0801,-1,0,0,-2,-2,-1,6,1,3.95
352519,2015-16,3,6,2015-16,-1,-1,24.0102,-1,0,0,-2,-2,-1,6,4,4
352731,2015-16,3,6,2015-16,-2,-2,43.0199,-1,0,0,-2,-2,-1,6,3.7,3.23
352828,2015-16,3,6,2015-16,-2,-2,52.0201,-1,0,0,-2,-2,-1,6,3,3.65
352855,2015-16,3,6,2015-16,-2,-2,52.0301,-1,0,0,-2,-2,-1,6,4,3.2
352912,2015-16,3,6,2015-16,-2,-2,43.0399,-1,0,0,-2,-2,-1,6,2.7,3
352980,2015-16,3,6,2015-16,-2,-2,51.3801,-1,0,0,-2,-2,-1,6,4,3.75
353141,2015-16,3,6,2015-16,-2,-2,51,-1,0,0,-2,-2,-1,6,1,3
353245,2015-16,3,6,2015-16,-2,-2,43.0399,-1,0,0,-2,-2,-1,6,4,4
353271,2015-16,3,6,2015-16,-2,-2,52.0301,-1,0,0,-2,-2,-1,6,3.7,3.25
353628,2015-16,3,6,2015-16,-2,-2,45.1101,-1,0,0,-2,-2,-1,6,4,4
